quarter,report_date,filing_date,filing_id,url
2013Q4,2013-12-31,2014-02-06,000114036114005043,https://13f.info/13f/000114036114005043-progeny-3-inc-q4-2013
2014Q1,2014-03-31,2014-05-15,000114036114021635,https://13f.info/13f/000114036114021635-progeny-3-inc-q1-2014
2014Q2,2014-06-30,2014-08-14,000114036114032462,https://13f.info/13f/000114036114032462-progeny-3-inc-q2-2014
2014Q3,2014-09-30,2014-11-14,000114036114041967,https://13f.info/13f/000114036114041967-progeny-3-inc-q3-2014
2014Q4,2014-12-31,2015-02-17,000114036115007072,https://13f.info/13f/000114036115007072-progeny-3-inc-q4-2014
2015Q1,2015-03-31,2015-05-15,000114036115020213,https://13f.info/13f/000114036115020213-progeny-3-inc-q1-2015
2015Q2,2015-06-30,2015-08-14,000114036115031988,https://13f.info/13f/000114036115031988-progeny-3-inc-q2-2015
2015Q3,2015-09-30,2015-11-13,000114036115041022,https://13f.info/13f/000114036115041022-progeny-3-inc-q3-2015-new-holdings
2015Q4,2015-12-31,2016-02-16,000114036116052936,https://13f.info/13f/000114036116052936-progeny-3-inc-q4-2015
2016Q1,2016-03-31,2016-05-16,000114036116065620,https://13f.info/13f/000114036116065620-progeny-3-inc-q1-2016
2016Q2,2016-06-30,2016-08-15,000114036116076389,https://13f.info/13f/000114036116076389-progeny-3-inc-q2-2016
2016Q3,2016-09-30,2017-02-14,000114036117006508,https://13f.info/13f/000114036117006508-progeny-3-inc-q3-2016-restatement
2016Q4,2016-12-31,2017-02-14,000114036117006506,https://13f.info/13f/000114036117006506-progeny-3-inc-q4-2016
2017Q1,2017-03-31,2017-05-15,000114036117020327,https://13f.info/13f/000114036117020327-progeny-3-inc-q1-2017
2017Q2,2017-06-30,2017-11-14,000114036117042829,https://13f.info/13f/000114036117042829-progeny-3-inc-q2-2017-restatement
2017Q3,2017-09-30,2017-11-14,000114036117042824,https://13f.info/13f/000114036117042824-progeny-3-inc-q3-2017
2017Q4,2017-12-31,2018-02-14,000114036118008278,https://13f.info/13f/000114036118008278-progeny-3-inc-q4-2017
2018Q1,2018-03-31,2018-05-15,000114036118024020,https://13f.info/13f/000114036118024020-progeny-3-inc-q1-2018
2018Q2,2018-06-30,2018-08-14,000156761918001003,https://13f.info/13f/000156761918001003-progeny-3-inc-q2-2018
2018Q3,2018-09-30,2018-11-14,000156761918006360,https://13f.info/13f/000156761918006360-progeny-3-inc-q3-2018
2018Q4,2018-12-31,2019-02-14,000156761919004432,https://13f.info/13f/000156761919004432-progeny-3-inc-q4-2018
2019Q1,2019-03-31,2019-05-15,000156761919011259,https://13f.info/13f/000156761919011259-progeny-3-inc-q1-2019
2019Q2,2019-06-30,2019-08-14,000156761919017026,https://13f.info/13f/000156761919017026-progeny-3-inc-q2-2019
2019Q3,2019-09-30,2019-11-14,000156761919021546,https://13f.info/13f/000156761919021546-progeny-3-inc-q3-2019
2019Q4,2019-12-31,2020-02-14,000156761920004032,https://13f.info/13f/000156761920004032-progeny-3-inc-q4-2019
2020Q1,2020-03-31,2020-05-15,000156761920010585,https://13f.info/13f/000156761920010585-progeny-3-inc-q1-2020
2020Q2,2020-06-30,2020-08-14,000156761920015480,https://13f.info/13f/000156761920015480-progeny-3-inc-q2-2020
2020Q3,2020-09-30,2020-11-16,000156761920019883,https://13f.info/13f/000156761920019883-progeny-3-inc-q3-2020
2020Q4,2020-12-31,2021-02-16,000095012321002845,https://13f.info/13f/000095012321002845-progeny-3-inc-q4-2020
2021Q1,2021-03-31,2021-05-17,000156761921010542,https://13f.info/13f/000156761921010542-progeny-3-inc-q1-2021
2021Q2,2021-06-30,2021-08-16,000156761921015896,https://13f.info/13f/000156761921015896-progeny-3-inc-q2-2021
2021Q3,2021-09-30,2021-11-15,000156761921020519,https://13f.info/13f/000156761921020519-progeny-3-inc-q3-2021
2021Q4,2021-12-31,2022-02-14,000156761922004434,https://13f.info/13f/000156761922004434-progeny-3-inc-q4-2021
2022Q1,2022-03-31,2022-05-16,000156761922010962,https://13f.info/13f/000156761922010962-progeny-3-inc-q1-2022
2022Q2,2022-06-30,2022-08-15,000156761922016228,https://13f.info/13f/000156761922016228-progeny-3-inc-q2-2022
2022Q3,2022-09-30,2022-11-14,000156761922020025,https://13f.info/13f/000156761922020025-progeny-3-inc-q3-2022
2022Q4,2022-12-31,2023-02-14,000089914023000406,https://13f.info/13f/000089914023000406-progeny-3-inc-q4-2022
2023Q1,2023-03-31,2023-05-15,000089914023000646,https://13f.info/13f/000089914023000646-progeny-3-inc-q1-2023
2023Q2,2023-06-30,2023-08-14,000089914023000893,https://13f.info/13f/000089914023000893-progeny-3-inc-q2-2023
2023Q3,2023-09-30,2023-11-14,000089914023001107,https://13f.info/13f/000089914023001107-progeny-3-inc-q3-2023
2023Q4,2023-12-31,2024-02-14,000089914024000243,https://13f.info/13f/000089914024000243-progeny-3-inc-q4-2023
2024Q1,2024-03-31,2024-05-15,000089914024000614,https://13f.info/13f/000089914024000614-progeny-3-inc-q1-2024
2024Q2,2024-06-30,2024-08-16,000089914024000904,https://13f.info/13f/000089914024000904-progeny-3-inc-q2-2024-restatement
2024Q3,2024-09-30,2024-11-14,000089914024001265,https://13f.info/13f/000089914024001265-progeny-3-inc-q3-2024
2024Q4,2024-12-31,2025-02-14,000089914025000314,https://13f.info/13f/000089914025000314-progeny-3-inc-q4-2024
2025Q1,2025-03-31,2025-05-15,000089914025000701,https://13f.info/13f/000089914025000701-progeny-3-inc-q1-2025
2025Q2,2025-06-30,2025-08-14,000089914025000999,https://13f.info/13f/000089914025000999-progeny-3-inc-q2-2025
2025Q3,2025-09-30,2025-11-14,000089914025001311,https://13f.info/13f/000089914025001311-progeny-3-inc-q3-2025
2025Q4,2025-12-31,2026-02-17,000089914026000258,https://13f.info/13f/000089914026000258-progeny-3-inc-q4-2025
2026Q1,2026-03-31,2026-05-15,000089914026000577,https://13f.info/13f/000089914026000577-progeny-3-inc-q1-2026
2026Q2,2026-06-30,2026-08-14,000089914026000882,https://13f.info/13f/000089914026000882-progeny-3-inc-q2-2026
