symbol,status,points
A,OK,578
AAP,OK,552
AAL,OK,574
AAPL,OK,339
ABNB,OK,443
ABT,OK,519
ABBV,OK,567
ADP,OK,559
ACGL,OK,567
ACN,OK,561
ADI,OK,566
ADM,OK,553
ABMD,OK,339
ADBE,OK,414
AET,OK,18
ADSK,OK,455
AEP,OK,607
AEE,OK,583
AFL,OK,540
AIG,OK,560
ADS,OK,194
AES,OK,547
AIV,OK,533
AIZ,OK,558
AKAM,OK,527
AJG,OK,407
ALB,OK,595
ALGN,OK,576
ALK,OK,581
ALL,OK,588
ALLE,OK,526
AMAT,OK,578
AMD,OK,598
AMG,OK,601
AME,OK,555
AMCR,OK,475
ANDV,OK,1
AMT,OK,600
AMZN,OK,580
AN,OK,621
ANET,OK,519
ALXN,OK,192
AMP,OK,543
AMGN,OK,565
AON,OK,566
AOS,OK,595
APA,OK,545
APC,OK,126
APTV,OK,510
ATO,OK,530
APH,OK,566
APO,OK,512
APD,OK,541
ARE,OK,497
ANSS,OK,514
AVGO,OK,690
AXP,OK,578
AXON,OK,583
AVB,OK,576
AVY,OK,540
AWK,OK,539
BALL,OK,334
AZO,OK,520
AYI,OK,535
BAC,OK,612
BBBY,OK,264
BAX,OK,570
BA,OK,599
ATVI,OK,252
BBT,OK,175
BBWI,OK,389
BCR,OK,9
BEN,OK,572
BDX,OK,563
BG,OK,511
BF-B,OK,1569
BBY,OK,538
BHF,OK,588
BIIB,OK,564
BKNG,OK,563
BIO,OK,1526
BKR,OK,312
BLDR,OK,565
BLK,OK,570
BSX,OK,563
BMY,OK,551
BRO,OK,552
BR,OK,566
BWA,OK,582
BRK-B,OK,1527
BK,OK,531
BX,OK,494
BXP,OK,550
CAG,OK,581
CAH,OK,541
BLL,OK,198
CARR,OK,389
C,OK,610
CCI,OK,552
CCL,OK,458
CBOE,OK,541
CBRE,OK,543
CA,OK,10
CAT,OK,483
CB,OK,571
CE,OK,567
CDW,OK,557
CEG,OK,371
CDNS,OK,338
CBS,OK,216
CHD,OK,579
CHTR,OK,531
CFG,OK,566
CHRW,OK,566
CF,OK,562
CERN,OK,201
CELG,OK,144
CI,OK,503
CLX,OK,584
CDAY,OK,383
CMCSA,OK,606
CME,OK,594
CL,OK,570
CINF,OK,550
CMG,OK,461
COIN,OK,399
CMI,OK,565
CMS,OK,580
COF,OK,582
CNP,OK,558
CNC,OK,431
COP,OK,549
COO,OK,563
COR,OK,353
CMA,OK,604
COST,OK,574
COG,OK,179
COL,OK,120
COTY,OK,565
CPAY,OK,266
CPB,OK,530
CPT,OK,547
CPRI,OK,529
CRL,OK,538
CRM,OK,448
CRWD,OK,565
CSCO,OK,548
CPRT,OK,528
CSRA,OK,11
CSX,OK,558
CTAS,OK,610
CSGP,OK,582
CTSH,OK,589
CTVA,OK,279
CVS,OK,609
CZR,OK,553
CVX,OK,466
CTRA,OK,504
CTLT,OK,398
DASH,OK,442
CTXS,OK,199
DAL,OK,582
D,OK,594
DD,OK,509
CTL,OK,168
CXO,OK,173
DDOG,OK,486
DELL,OK,539
DECK,OK,570
DG,OK,559
DGX,OK,563
DE,OK,572
DAY,OK,134
DHR,OK,565
DHI,OK,514
DLR,OK,511
DIS,OK,554
DFS,OK,499
DLTR,OK,499
DOV,OK,561
DOC,OK,522
DISH,OK,321
DISCA,OK,768
DOW,OK,524
DRI,OK,549
DPZ,OK,362
DTE,OK,566
DISCK,OK,766
DUK,OK,555
DXCM,OK,517
EBAY,OK,404
EA,OK,532
DXC,OK,538
DVA,OK,365
DVN,OK,406
EG,OK,332
EIX,OK,543
EFX,OK,580
ED,OK,557
EL,OK,586
DWDP,OK,81
ECL,OK,343
DRE,OK,210
EMN,OK,559
ELV,OK,320
EOG,OK,533
ENPH,OK,573
EQIX,OK,547
EMR,OK,345
EQT,OK,437
EQR,OK,511
ERIE,OK,592
EPAM,OK,549
ES,OK,564
ETN,OK,364
ESS,OK,548
ETR,OK,591
ESRX,OK,22
ETSY,OK,569
EVHC,OK,9
EVRG,OK,606
EXE,OK,187
EXR,OK,536
EXPD,OK,558
EW,OK,329
EXC,OK,547
F,OK,608
EXPE,OK,506
ETFC,OK,174
FAST,OK,579
FANG,OK,612
FDS,OK,572
FDX,OK,537
FE,OK,563
FCX,OK,560
FFIV,OK,639
FITB,OK,494
FISV,OK,228
FIS,OK,557
FICO,OK,560
FMC,OK,535
FLS,OK,597
FBHS,OK,202
FLR,OK,557
FI,OK,485
FLIR,OK,176
FL,OK,509
FRT,OK,463
FSLR,OK,612
FOX,OK,1536
FOXA,OK,1544
FLT,OK,288
GDDY,OK,707
FTV,OK,543
GE,OK,542
FTI,OK,965
FTNT,OK,549
GEHC,OK,379
GD,OK,505
FRC,OK,230
GEN,OK,521
GGP,OK,8
GILD,OK,571
GL,OK,431
GEV,OK,262
GIS,OK,502
GNRC,OK,599
GLW,OK,592
GOOG,OK,1559
GPC,OK,565
GOOGL,OK,1560
GM,OK,570
GPN,OK,529
GRMN,OK,533
GS,OK,415
GWW,OK,544
GT,OK,585
HAL,OK,565
HAS,OK,544
HBAN,OK,599
HD,OK,531
HCA,OK,397
HIG,OK,572
HLT,OK,578
GPS,OK,383
HOG,OK,548
HBI,OK,536
HII,OK,560
HES,OK,500
HFC,OK,173
HON,OK,479
HPE,OK,676
HP,OK,576
HPQ,OK,479
HRL,OK,570
HSIC,OK,537
HST,OK,459
HSY,OK,619
HUBB,OK,540
HUM,OK,535
IBM,OK,500
HOLX,OK,533
HRB,OK,519
HWM,OK,397
ICE,OK,577
IDXX,OK,568
ILMN,OK,368
IFF,OK,556
INFO,OK,180
INTC,OK,444
IEX,OK,541
HRS,OK,92
INTU,OK,358
INVH,OK,598
IQV,OK,403
IPGP,OK,579
IR,OK,610
IP,OK,534
ISRG,OK,556
J,OK,427
IT,OK,526
ITW,OK,407
IRM,OK,549
IPG,OK,585
INCY,OK,548
JBHT,OK,548
JBL,OK,547
IVZ,OK,532
JCI,OK,482
JEF,OK,577
JKHY,OK,546
JNJ,OK,561
JPM,OK,569
KDP,OK,583
KEY,OK,506
KEYS,OK,540
JEC,OK,141
KIM,OK,560
KLAC,OK,545
KHC,OK,570
KKR,OK,455
K,OK,529
JNPR,OK,487
KMB,OK,556
JWN,OK,462
KMI,OK,549
KO,OK,541
KR,OK,367
KSS,OK,560
KMX,OK,582
KORS,OK,32
KVUE,OK,334
L,OK,466
LB,OK,309
LDOS,OK,575
LH,OK,408
LEG,OK,567
LII,OK,544
LHX,OK,403
KSU,OK,207
LIN,OK,527
LKQ,OK,560
LLY,OK,524
LMT,OK,535
LNT,OK,593
LNC,OK,583
LOW,OK,476
LRCX,OK,408
LEN,OK,1583
LUMN,OK,390
LUV,OK,558
LVLT,OK,13
LVS,OK,535
LULU,OK,608
LYV,OK,579
LYB,OK,565
LW,OK,545
M,OK,551
MA,OK,515
MAA,OK,514
MAR,OK,544
MAC,OK,502
MAT,OK,453
MAS,OK,540
MCD,OK,602
MCHP,OK,576
MCK,OK,509
MCO,OK,536
MDLZ,OK,562
MDT,OK,581
MET,OK,525
META,OK,407
MGM,OK,564
MJN,OK,11
MHK,OK,578
MKTX,OK,607
MLM,OK,557
MKC,OK,1575
MMM,OK,526
MNST,OK,540
MO,OK,540
MOH,OK,410
MPC,OK,530
MOS,OK,580
MRNA,OK,555
MSFT,OK,620
MPWR,OK,400
MS,OK,540
MRK,OK,563
MSCI,OK,567
MMC,OK,574
MSI,OK,564
MUR,OK,533
MTD,OK,577
MTB,OK,531
MTCH,OK,568
MRO,OK,390
MU,OK,610
NCLH,OK,574
NAVI,OK,519
NDAQ,OK,552
NDSN,OK,608
NEE,OK,552
NFLX,OK,490
NI,OK,540
NBL,OK,165
MYL,OK,154
NFX,OK,35
NEM,OK,577
NKE,OK,602
NKTR,OK,570
MXIM,OK,164
NOC,OK,537
NOV,OK,574
NSC,OK,542
NRG,OK,605
NOW,OK,384
NTAP,OK,525
NTRS,OK,511
NLOK,OK,111
NLSN,OK,181
NUE,OK,522
NVR,OK,543
NVDA,OK,294
NWS,OK,1685
NWL,OK,356
NXPI,OK,569
NWSA,OK,1756
O,OK,608
ODFL,OK,542
OGN,OK,401
OKE,OK,583
ON,OK,572
ORCL,OK,403
ORLY,OK,578
OMC,OK,575
OTIS,OK,366
OXY,OK,543
PANW,OK,411
PARA,OK,798
PAYC,OK,581
PAYX,OK,545
PCAR,OK,545
PCG,OK,533
PEG,OK,569
PENN,OK,528
PG,OK,537
PFE,OK,548
PEP,OK,477
PFG,OK,569
PGR,OK,448
PEAK,OK,173
PDCO,OK,466
PH,OK,540
PBCT,OK,202
PKG,OK,565
PLD,OK,348
PLTR,OK,440
PM,OK,545
PNC,OK,576
PHM,OK,525
PNR,OK,537
PNW,OK,558
PODD,OK,584
POOL,OK,632
PPG,OK,402
PPL,OK,567
PRGO,OK,562
PSA,OK,542
PSKY,OK,35
PRU,OK,425
PTC,OK,588
PSX,OK,523
PVH,OK,523
PWR,OK,541
PYPL,OK,577
QCOM,OK,333
QRVO,OK,551
R,OK,524
RAI,OK,13
REGN,OK,459
RHI,OK,568
RCL,OK,556
RJF,OK,551
REG,OK,467
RF,OK,540
PXD,OK,333
RL,OK,622
ROL,OK,498
ROK,OK,530
RMD,OK,553
ROP,OK,560
ROST,OK,491
RSG,OK,552
RTX,OK,351
RVTY,OK,284
RRC,OK,515
RHT,OK,101
SBUX,OK,314
SCHW,OK,579
SCG,OK,23
SEDG,OK,576
SBAC,OK,562
SBNY,OK,451
RTN,OK,127
RVTY (PREVIOUSLY PKI),NO_SHARES,0
SHW,OK,533
SLB,OK,512
SLG,OK,594
SJM,OK,568
SMCI,OK,444
SNA,OK,533
SOLV,OK,273
SPG,OK,515
SNI,OK,15
SNPS,OK,522
SPGI,OK,353
SO,OK,546
SEE,OK,561
SPLS,OK,14
SIVB,OK,209
SRE,OK,559
STE,OK,515
STLD,OK,481
STI,OK,446
STT,OK,569
SW,OK,241
SWK,OK,555
SWKS,OK,559
STZ,OK,1121
STX,OK,572
SYF,OK,571
T,OK,515
SYY,OK,561
SYK,OK,570
SRCL,OK,381
TDC,OK,357
TDG,OK,583
TAP,OK,1582
TEL,OK,556
SWN,OK,379
TECH,OK,493
TDY,OK,543
TFX,OK,593
TFC,OK,388
TJX,OK,504
TER,OK,566
TGT,OK,569
SYMC,OK,109
TGNA,OK,550
TMO,OK,558
TIF,OK,164
TMUS,OK,559
TPL,OK,534
TPR,OK,528
TKO,OK,274
TRGP,OK,526
TRIP,OK,486
TRV,OK,538
TRMB,OK,438
TROW,OK,547
TSCO,OK,542
TT,OK,461
TTD,OK,614
TSLA,OK,565
TSN,OK,592
TTWO,OK,582
TMK,OK,104
TWX,OK,13
UA,OK,1524
TXT,OK,534
TXN,OK,557
UAA,OK,1526
TYL,OK,509
TSS,OK,123
UAL,OK,523
UNH,OK,506
UNM,OK,549
ULTA,OK,630
UDR,OK,475
UBER,OK,491
TWTR,OK,205
UHS,OK,828
UPS,OK,597
UNP,OK,514
USB,OK,525
URI,OK,546
V,OK,514
VFC,OK,613
VLTO,OK,290
VLO,OK,585
VICI,OK,682
VAR,OK,159
VMC,OK,587
VRSK,OK,568
UTX,OK,177
VNO,OK,477
VNT,OK,232
VRSN,OK,386
VRTX,OK,577
VIAC,OK,540
VST,OK,566
VTR,OK,568
VZ,OK,542
VTRS,OK,375
WAB,OK,496
WAT,OK,581
VIAB,OK,215
WBD,OK,378
WDAY,OK,488
WDC,OK,552
WELL,OK,549
WFC,OK,590
WEC,OK,539
WHR,OK,616
WFM,OK,18
WMT,OK,485
WMB,OK,576
WM,OK,535
WBA,OK,479
WST,OK,525
WCG,OK,121
WSM,OK,517
WU,OK,542
WTW,OK,436
WRB,OK,522
XOM,OK,566
WY,OK,385
WYNN,OK,555
WLTW,OK,179
XEL,OK,578
WRK,OK,332
XYZ,OK,87
XRAY,OK,596
YUM,OK,551
XYL,OK,603
XRX,OK,551
XEC,OK,209
ZBRA,OK,558
ZBH,OK,565
ZION,OK,515
ZTS,OK,526
XLNX,OK,161
