replication,offset,winner,validation_sharpe,validation_excess_total_return,oos_sharpe,oos_excess_total_return,passes_validation,sealed_oos_pass
1,4077,MOM_60,0.6262305755337632,-0.22826052067353664,0.43726873656799675,0.2023722977785558,False,False
2,3895,CROSS_40_100,1.0069923474435256,-0.2324630215757435,0.1294635973121254,-0.19099097023082268,False,False
3,273,CROSS_40_150,0.7793097111676072,-0.7735952481942265,0.8549747411405704,0.387119916316633,False,False
4,4598,CROSS_10_200,0.9049486319332428,-0.581069763969245,0.5196452841596677,0.06923123544939758,False,False
5,2935,CROSS_40_50,0.3328032202326045,-0.057412250674169885,0.7947064774897484,-0.3741875673594841,False,False
6,4876,CROSS_5_200,0.36421640431675073,-0.1633386774772596,0.6684563742439127,-0.3955932978607031,False,False
7,324,TREND_SMA_20,0.5908486912891449,-1.1439254204902014,0.767654203755048,0.17339738108538394,False,False
8,3424,CROSS_40_50,-0.2504276048673258,-0.12500058216963006,0.6060355144945652,-0.663693754537974,False,False
9,2397,MOM_60,0.4873504292870301,-0.779555437787868,1.3902196750402693,-0.08483272675121345,False,False
10,2069,CROSS_40_200,0.756753011654953,-0.44338509231736656,0.9254795932020579,-0.33729275039441786,False,False
11,1930,CROSS_20_50,0.365171016704224,-0.7572557542585252,0.5738421159048771,-0.0592209338229821,False,False
12,2370,BREAKOUT_55,0.7486054985351188,-0.47719457927589004,0.8262276382571817,-0.30761381364947393,False,False
13,3292,BREAKOUT_20,-0.07344985792634581,-0.2347238111814618,0.5491432753309713,-0.466299366115567,False,False
14,2112,MOM_252,1.0055552164289996,-0.35623989321473704,0.9475048416274424,-0.12400334749538233,False,False
15,3395,MOM_120,-0.10088238899268463,-0.06956670795155206,0.8136020935968584,-0.40601974663586704,False,False
16,1278,MOM_252,0.8831822038252053,-0.31876426017046655,1.0913450440422754,-0.11737498092754306,False,False
17,3534,MOM_120,0.409394754261614,0.45901832397532516,1.148682774525589,-0.0658733593230525,True,False
18,299,CROSS_40_100,0.8066130233769782,-0.7197095490259133,0.5517267548052889,-0.009429498068105113,False,False
19,1801,CROSS_60_200,1.1560622795651083,-0.45235000404559944,1.2593031477145467,0.23887878912273086,False,False
20,3375,CROSS_10_150,0.43254314395883453,0.2530630454999243,1.0710599218613543,0.08271667549900452,True,True
21,342,BREAKOUT_55,1.1025862143966416,-0.44385280482579903,0.2523970518443171,-0.06753160996678309,False,False
22,4903,MOM_120,0.5234484960699438,-0.24004445951660847,0.8059746926848258,-0.09669362588289121,False,False
23,5062,MOM_252,0.5320268835325749,-0.4374565892672966,0.42283447584353556,-0.13756853697607774,False,False
24,1405,CROSS_10_100,0.7118985292425845,-0.6408339974304476,1.111922816940049,-0.09216199144573878,False,False
25,3335,TREND_SMA_100,-0.20997584150711715,-0.26315244446502284,0.8658774193821486,-0.2310688243111454,False,False
26,1260,MOM_252,0.900729214720194,-0.29083624765266824,1.159585547648018,0.026734275795874396,False,False
27,3645,CROSS_40_150,0.263493144089759,-0.27800854950327536,0.3648301127363492,-0.21731950447676085,False,False
28,2916,MOM_20,0.31903225595402823,-0.01968054507331063,0.9766954829587693,-0.2997542718730548,False,False
29,516,CROSS_20_100,1.3759895110587481,-0.4938769178353204,0.37822330159979534,-0.2819498764266626,False,False
30,925,CROSS_10_50,0.8153243383050025,-0.2711031515719635,0.2664466496251971,-0.3256550114616996,False,False
31,3619,TREND_SMA_50,0.36891181818847857,-0.2174719145134696,0.08693839093713758,-0.4744963889200473,False,False
32,761,CROSS_60_200,0.9293872381285767,-0.3434401186892786,1.1846734525554197,0.8660321053356335,False,False
33,527,MOM_252,0.7238850375133224,-0.9888715807935311,0.5650259321197606,-0.1708074420432255,False,False
34,2676,CROSS_60_100,0.37855398276939195,-0.04846077901179968,1.2077587978319313,-0.025360945446554872,False,False
35,4000,MOM_252,0.6036331010564832,-0.24522644528809212,0.213440769631216,-0.05214528464098511,False,False
36,4840,CROSS_10_200,0.6408246680702149,-0.1050308908032973,0.8301790379360771,-0.12771929018255146,False,False
37,2004,TREND_SMA_100,0.881474609422966,-0.24723631240345423,0.9537447356770061,-0.2911320679691938,False,False
38,1319,MOM_252,0.7863579269766833,-0.4482858258388758,0.9759078373369006,-0.196153766234878,False,False
39,2525,CROSS_20_50,0.8250629532522465,-0.5398715800347571,0.749878166364852,-0.45475733536085294,False,False
40,1361,TREND_SMA_20,0.9830232321913817,-0.3688741343185855,0.9609904955710448,-0.3264077714002891,False,False
41,5018,CROSS_60_100,0.6482232267497725,-0.2605696285936443,0.6348886948994547,-0.10551720083130411,False,False
42,2103,CROSS_10_150,0.8120077436041481,-0.7906898379811367,1.0453052438353148,-0.009282817140128019,False,False
43,4671,CROSS_5_200,0.5397615332614973,-0.31417136011556224,0.23433330914445313,-0.20925848128605296,False,False
44,663,TREND_SMA_50,1.1873250057798124,-0.18787039880077328,0.744030231658396,-0.22948324678393295,False,False
45,4606,CROSS_40_200,0.8438332188143851,-0.5728923232180207,0.37944300204174564,-0.04422117114532442,False,False
46,4358,CROSS_60_150,0.9770112054532688,-0.4423902313672594,0.05090810207698489,0.030080686185781524,False,False
47,4032,MOM_252,0.8943412692802994,0.08758676904091622,0.174833003339256,-0.04160801903488198,True,False
48,1678,CROSS_20_50,0.8839749628724352,-0.15817853993623943,0.7859397023327827,-0.5861634471042712,False,False
49,4015,MOM_252,0.6808010680453573,-0.20266010234773724,0.14034523954377653,-0.09851379106264413,False,False
50,926,TREND_SMA_50,0.540129226322881,-0.49119467643814896,0.2641363742534201,-0.32373486005268015,False,False
51,2985,CROSS_10_100,0.23760321584309937,-0.16310752683814211,0.9971899477867858,-0.01014457592896445,False,False
52,554,CROSS_40_200,1.035336822835736,-0.7745693460424856,0.6196627746979995,-0.22034841877606293,False,False
53,3331,CROSS_5_100,-0.136711879297482,-0.27453503285489533,0.6958477107685508,-0.3299295681574619,False,False
54,4960,CROSS_60_200,0.48742944545868233,-0.3999561979631321,0.9246660950742537,0.20036220381553793,False,False
55,4750,MOM_252,0.510225042316841,-0.30496581392697686,0.8937935587310945,-0.021034280881480738,False,False
56,4274,CROSS_5_50,0.7338779958674885,-0.5681300410543,-0.3320362472224467,-0.25232218151552277,False,False
57,2065,CROSS_20_200,0.6765655772623371,-0.45134595864241667,0.792344937129139,-0.4564506700598807,False,False
58,1693,CROSS_40_50,0.8905011791015571,-0.21679501207395147,0.4966074724615903,-0.6325240148164073,False,False
59,1274,CROSS_40_50,0.4385403775382796,-0.6563973595308488,1.5882309286654264,0.07341719605673225,False,False
60,1733,BREAKOUT_55,1.0724581953534256,0.026523593824218983,0.8165615835578898,-0.4828996052565506,True,False
61,4277,CROSS_10_50,0.7357553516174725,-0.5757276923182195,-0.41238472358046546,-0.3459261604082948,False,False
62,1633,TREND_SMA_20,0.8900665720325842,-0.26189324929898916,1.2551882492468749,-0.23918864835047304,False,False
63,328,BREAKOUT_55,1.0306632872747141,-0.497287604433025,0.6525101856312227,0.18276673124054654,False,False
64,1457,CROSS_40_200,0.7709502770157145,-0.5647003966410848,1.0335784434460298,-0.04704453106485218,False,False
65,283,MOM_252,0.8452206331061368,-0.6663074041295716,0.7042975390396321,0.18913794758357194,False,False
66,2387,CROSS_20_50,0.39431709198099146,-0.9768039879847905,0.7503600602529837,-0.4544571119247447,False,False
67,3892,BREAKOUT_200,0.7849815195929177,-0.4463103906010384,0.30285070697331334,0.02128406929261706,False,False
68,975,CROSS_60_100,0.6147918222484788,-0.3044671641790162,0.5770266200318425,-0.0775427118283103,False,False
69,5189,CROSS_40_50,0.5448203646025408,-0.4075870189894426,0.34220961719382054,-0.7618320239821477,False,False
70,280,MOM_252,0.8296091441846293,-0.7311588469663253,0.7258863584941915,0.2260935114564797,False,False
71,4241,CROSS_5_50,0.7489597351796708,-0.5681185037994294,-0.10660129192578366,-0.24338775640518895,False,False
72,2367,MOM_20,0.7206098313548076,-0.5074177810473195,0.9826259772677594,-0.2820616140781409,False,False
73,4664,CROSS_5_200,0.37050358061726707,-0.4900903467648101,0.3166566679380743,-0.1842181857300078,False,False
74,3248,MOM_60,-0.19920376742513082,-0.3228285916030279,0.8662429329300794,-0.29997663714205136,False,False
75,2109,MOM_252,1.1708089117006277,-0.29915455073099073,0.8341570281433353,-0.19279538151512932,False,False
76,2031,TREND_SMA_50,1.0009537146766583,-0.36073442483912044,0.9235859046058505,-0.2179251923703318,False,False
77,3126,TREND_SMA_50,0.11567421089476336,-0.27771006618243943,1.3087764341809145,0.030513168766234333,False,False
78,877,TREND_SMA_150,1.1624600648420926,-0.0620504197709717,0.5757349448615043,-0.012193287599137514,False,False
79,3507,CROSS_10_50,-0.09380398549386694,0.0889441817055101,1.0714779551321967,-0.4835070614527439,False,False
80,1885,CROSS_5_100,1.3771878008152023,0.1887116339681696,0.8459824557085438,-0.09214681797556201,True,False
81,3812,CROSS_60_100,0.5950288214726704,-0.375270361921922,0.5662584640012475,0.3300945671416513,False,False
82,3607,BREAKOUT_20,0.666452871264282,0.17259189060614832,0.019029147909957196,-0.6022596448541789,True,False
83,1583,TREND_SMA_20,0.8475861977723207,-0.3396624691382044,0.8119767905665283,-0.4090761362775581,False,False
84,3539,CROSS_40_100,0.21362833176254992,0.32323014452591725,0.9905416753061294,-0.2612407640453276,True,False
85,3387,CROSS_20_200,0.31918026033025493,0.17091410578528543,1.0384794012780159,-0.02946426302634575,True,False
86,4259,MOM_252,1.0022518216541285,-0.2418464587144764,0.23676086692093554,0.08108506524522308,False,False
87,2193,MOM_252,0.7446007161671125,-0.24886573039736182,0.989993657136358,-0.22801180257669507,False,False
88,2293,CROSS_10_100,0.7244387829725982,-0.41475511376991014,0.9763634270655622,-0.2157475398572839,False,False
89,668,MOM_60,0.8529470028264846,-0.6330264066929208,0.9725719607664919,0.060553142623432255,False,False
90,2466,TREND_SMA_200,1.2420126633451327,-0.32573180212164443,0.9989238273639963,-0.08184832822092836,False,False
91,2444,CROSS_20_150,0.9021838620282251,-0.3673528760868794,0.980852332702412,-0.2509388614612693,False,False
92,1069,CROSS_40_200,1.0290875859958775,-0.369019051943863,0.7814879546311118,0.22364104731451162,False,False
93,4491,CROSS_5_50,1.2395070460746862,-0.35811112405471235,-0.12532502043404628,0.020007282954023986,False,False
94,368,MOM_252,0.8885953076515446,-0.5716097854602924,0.354662587478241,-0.12042584274438961,False,False
95,2358,BREAKOUT_20,1.1220646307869946,-0.08214618389611528,0.8631968583923919,-0.38178204091333456,False,False
96,3214,CROSS_60_200,0.06827653269531575,-0.23617005054371631,0.9643442824028393,-0.09225200439016557,False,False
97,636,CROSS_20_50,0.7297231495996757,-0.9179951999186533,0.9141580079424733,0.03389348742803833,False,False
98,3029,CROSS_40_100,0.0703760110280756,-0.30664426071816153,0.8426031299348261,-0.3015390029007101,False,False
99,4995,CROSS_40_50,0.5301626765650993,-0.40146079177462735,0.6750380722175472,-0.12492414481595149,False,False
100,2747,BREAKOUT_200,0.35021605210486434,-0.12263406194422988,0.9318596394166458,-0.19961011772825943,False,False
101,4814,CROSS_60_100,0.547547481755412,-0.13166354200755603,0.8059370612084215,-0.18112104690083597,False,False
102,4497,CROSS_20_50,1.0599623727083434,-0.6610917839601567,0.0829123280468719,0.0480967829280492,False,False
103,888,CROSS_10_150,0.9758041049170204,-0.11114520783633886,0.7038928722922683,0.08961280306526498,False,False
104,3358,CROSS_60_200,-0.18013638518344102,-0.27807739939496356,0.633852401551049,-0.3458490858976351,False,False
105,1213,CROSS_20_150,0.9601696269888471,-0.36050032291959044,0.918705620665712,-0.32907080602185523,False,False
106,2497,TREND_SMA_50,0.7926305531088707,-0.695210329830591,0.8035760875780438,-0.41451665296250906,False,False
107,3183,CROSS_20_200,0.08651290604044529,-0.18950745182773188,0.9953735182027548,-0.14366058029338502,False,False
108,1129,MOM_60,0.47495239030934644,-0.7132334840167174,0.962383295368807,-0.11010231952745442,False,False
109,2318,MOM_252,0.6466341046149853,-0.4657321574361142,0.990241971801173,-0.1885088261049297,False,False
110,2694,CROSS_40_50,0.6045779976619899,0.04767875134693078,1.0344946805366817,-0.18417099086968802,True,False
111,2132,TREND_SMA_200,1.0461615988578203,-0.41410359635737715,1.1690469081713484,-0.01640712059322391,False,False
112,2562,CROSS_60_100,0.8234873080480952,-0.5135339777512509,0.9917839588107827,-0.1639013282783579,False,False
113,1489,TREND_SMA_50,0.4505428161428669,-0.7530536909125312,1.1175811920631946,-0.23642709424659736,False,False
114,4986,CROSS_20_50,0.32948147969120367,-0.653644492675745,0.6972791098208587,-0.13563403673489094,False,False
115,5043,MOM_252,0.47219087069743887,-0.4201929876463386,0.426997096537494,-0.20383524722474156,False,False
116,850,CROSS_60_100,0.8824925455899968,-0.20203743040617383,0.6211859742877407,-0.16064679962179018,False,False
117,4704,MOM_252,0.3585988041813968,-0.38214113338273337,0.6279956095944921,-0.10627198549494232,False,False
118,874,CROSS_40_100,1.361823864371567,0.1284257138886553,0.611648169951241,0.019123650993755126,True,True
119,4994,CROSS_5_100,0.6619821526339914,-0.19549746983952954,0.83127643592309,0.0339548264680849,False,False
120,840,MOM_120,0.9137018116545877,-0.2682031333552928,0.6314900765074031,-0.06002394661928534,False,False
121,2273,MOM_252,0.8004978566402914,-0.4062271808389737,1.1409571762409412,0.00015985909533089426,False,False
122,2730,CROSS_10_50,0.5002220866343259,-0.09948036420862816,0.649177309027308,-0.44997698702976474,False,False
123,2819,MOM_120,0.09526507964622014,-0.13531972376287527,1.3994925294497778,-0.06934491033179246,False,False
124,3742,MOM_252,0.6865424728273672,0.0981796991084305,0.2676100232980476,-0.18582086309157542,True,False
125,3220,MOM_120,-0.08230766290814948,-0.3596746012010731,1.0143335734449022,0.01537434122742587,False,False
126,1719,CROSS_20_50,1.2509029903530304,0.07096280236082508,0.7455799847123935,-0.4716238746207779,True,False
127,4797,MOM_60,0.18276870689203423,-0.5374866025311202,0.7934377797574061,-0.08175903443461596,False,False
128,2471,CROSS_20_150,1.1971775956879651,-0.675052285505648,1.0543692168584418,-0.08142115441322018,False,False
129,2049,CROSS_10_100,0.6502534514612253,-0.5729661809240612,1.0659967130741554,-0.11232944065306016,False,False
130,609,CROSS_10_50,0.7065732985835734,-0.7961125836037781,0.6412797190159419,-0.22103631221634856,False,False
131,2655,CROSS_60_100,0.3591826573112382,-0.06227596427007942,1.0258143709838816,-0.06624328100215537,False,False
132,4176,CROSS_10_150,0.46265049038330613,-0.41919614013831574,0.6328772979445086,0.44886446703644034,False,False
133,3620,CROSS_5_50,0.30558695332531965,-0.2898369032666821,0.290019043728208,-0.2790722017406435,False,False
134,2268,MOM_252,0.794816690313146,-0.3563424694508741,1.0099443786943816,-0.04193392081321834,False,False
135,1331,MOM_252,0.8535139195678579,-0.39873697170328093,0.8390463096084532,-0.32861108859882293,False,False
136,4860,BREAKOUT_200,0.37486191162373095,-0.27351836350132475,0.7718988786306008,-0.27431893580108,False,False
137,3721,MOM_252,0.8485244394371244,0.21145519264097135,0.40851163483390845,0.008033938004941898,True,True
138,1663,BREAKOUT_20,0.9651813838637391,-0.25773760508019783,1.050763156998029,-0.4194516426547943,False,False
139,1608,CROSS_20_50,0.9456150322176843,-0.37175321894509983,1.7848766667529552,0.6103929385830913,False,False
140,4775,CROSS_5_50,0.7702196612143534,0.12781593832615012,0.7595182019979569,-0.13508154373383285,True,False
141,820,MOM_120,1.1280365584455316,-0.16230355548691477,0.835132085830888,0.1829299937014317,False,False
142,3871,CROSS_10_50,0.6111149956768587,-0.5476477083954809,0.06527153493856466,-0.34029634502240935,False,False
143,3676,CROSS_10_100,0.5467605819031096,-0.15616678981313004,0.25870463381537706,-0.09967712229867742,False,False
144,969,CROSS_60_100,0.41540448668674274,-0.4438109576942866,0.5078795266878307,-0.18395727869433776,False,False
145,3419,CROSS_10_50,0.18345118044515435,0.10743173227230896,0.9744530973197743,-0.22109100869860288,True,False
146,2634,CROSS_20_50,0.2069011950619549,-0.38810488571223534,0.8476296846479038,-0.31822991858492466,False,False
147,4957,CROSS_60_200,0.520745951300592,-0.4292964113047173,0.89927177652739,0.19324033059599555,False,False
148,1883,CROSS_60_200,1.2425857224121117,-0.09658824141850864,0.8679331431734801,-0.06875194494837777,False,False
149,4714,MOM_252,0.2680443847024417,-0.4814301892210944,0.8675069124059488,0.07916751200262828,False,False
150,1265,MOM_252,0.841957986314064,-0.3906118904111231,1.0312646639031744,-0.19752131779631332,False,False
151,2352,CROSS_5_50,0.9626438743775458,-0.20991618640755272,0.9494730837994806,-0.2938259445745268,False,False
152,3667,CROSS_60_100,0.6040058676338722,-0.10183406915651672,0.06811730756189843,-0.3320701503231104,False,False
153,2681,CROSS_20_200,0.2887130517620023,-0.21018759748463456,1.2796733386889663,0.05677506766237106,False,False
154,934,CROSS_40_50,0.421612828680911,-0.5840598311957463,0.7994242677078358,0.2663177031123476,False,False
155,2324,BREAKOUT_20,0.5160376841070616,-0.6224689148018476,1.1058281666613958,-0.28314399303616544,False,False
156,1647,BREAKOUT_20,0.8480986804563018,-0.356752641306028,1.0802178299946343,-0.482737977558811,False,False
157,920,CROSS_5_50,0.9015151916129249,-0.21428167561682931,0.46998830149431076,-0.08198173796254271,False,False
158,4446,CROSS_5_100,1.1202931840415793,-0.48148164190550435,-0.1474590484441339,-0.030083206942923102,False,False
159,3194,CROSS_40_200,0.0863807698913059,-0.25705333455268065,0.9712295528460355,-0.023391316764015624,False,False
160,688,CROSS_5_50,0.5349731698043412,-0.518459109428612,0.46011542592589316,-0.6591242291007766,False,False
161,2755,CROSS_10_100,0.48417208895247354,0.03770052590147377,1.23050769518907,-0.08920906263237405,True,False
162,3354,CROSS_40_200,-0.39212464328015384,-0.35555644292582134,0.7828662238510173,-0.26786385698139803,False,False
163,3618,TREND_SMA_50,0.28422550475477476,-0.24050539690444195,0.26360410151765457,-0.29331558351769527,False,False
164,1388,CROSS_60_150,0.7696428178360064,-0.5752467183620622,0.8481051878395713,-0.5819152837296335,False,False
165,943,CROSS_10_100,0.6242868946276509,-0.4479734651755354,0.3608807992715916,-0.36300318341085247,False,False
166,4794,CROSS_40_50,0.5545865413088165,-0.1887486743861453,0.5803250855256237,-0.2259257087805857,False,False
167,4713,MOM_252,0.4070873612043357,-0.36305002835814215,0.8411778639311767,0.06256003175985159,False,False
168,481,CROSS_60_150,0.483107494348681,-1.328917211109288,0.33517141110288273,-0.33083598897040556,False,False
169,5184,CROSS_10_50,0.5040186131729739,-0.5054983790271139,0.21805472049132404,-0.7104049892610138,False,False
170,2248,MOM_252,0.8408481443947293,-0.3396317542653833,1.0996563600772769,-0.059129826688026244,False,False
171,2187,MOM_252,0.9135655543656999,-0.054019854614979046,0.9806259793241895,-0.26424814538369845,False,False
172,530,TREND_SMA_20,0.5288468970746901,-1.2317715359045864,-0.10882062170318407,-0.8023491904659573,False,False
173,4981,CROSS_5_50,0.3790046331056893,-0.5487130541254621,0.7129769352171588,-0.06803604132856855,False,False
174,2272,MOM_252,0.7604852047877887,-0.43710492263266,1.0816029601505868,-0.03692901406712723,False,False
175,582,MOM_252,1.018866567207961,-0.6622350086265882,0.5014143503971963,-0.23313943402001813,False,False
176,3518,MOM_60,0.22912758629041008,0.30574888438803716,1.0180855050029705,-0.34487367849155026,True,False
177,4993,CROSS_20_50,0.24595849715704934,-0.6548611209746047,0.661282756529721,-0.16648118279238555,False,False
178,385,BREAKOUT_100,0.7704407167976455,-0.7996388933248597,0.7637417775288093,0.07181041625980766,False,False
179,2856,CROSS_20_200,0.006225277557386212,-0.21394382725273742,1.415257540952873,-0.15350187475992438,False,False
180,377,BREAKOUT_100,0.9639533764768861,-0.6086483389678934,0.8219836676229099,0.2785632025911331,False,False
181,1475,TREND_SMA_20,0.7675601002522756,-0.6360568177741133,0.6121633311399672,-0.8613537754152494,False,False
182,807,TREND_SMA_50,0.46428955041071107,-0.6300071521397097,0.6266133470774745,-0.3112803788504339,False,False
183,1395,TREND_SMA_100,0.9079994950304815,-0.42867404234473705,1.145437175389396,-0.12959018238415343,False,False
184,4310,CROSS_10_100,1.027542952273333,-0.07933274085516162,-0.1279465959065848,-0.09985353986318801,False,False
185,3923,CROSS_60_150,0.7928406075234546,-0.23979375876980646,0.16129202634112738,-0.1865145607804073,False,False
186,4517,CROSS_40_50,1.0522819764324676,-0.4023612270761667,0.07035926503448346,-0.15064402735476423,False,False
187,2842,CROSS_20_200,0.090651918006101,-0.21305745617966243,1.35226772504484,-0.07823121690347534,False,False
188,2171,MOM_252,1.0168442257920902,-0.1361579994331612,1.0592286765932042,-0.23112364193122148,False,False
189,4113,CROSS_40_100,0.4600939042012086,-0.3851319396867636,0.32420770946697924,-0.12779110229318058,False,False
190,3108,TREND_SMA_20,-0.04162150229144987,-0.2918332681640222,0.7258959209075327,-0.6735335352367962,False,False
191,1352,MOM_60,0.6032535266398114,-0.6373141402297406,0.9816998615478143,-0.3947488919875175,False,False
192,2957,BREAKOUT_55,0.2823623950133877,-0.16023046136831254,0.9655623148294652,-0.24415951394735425,False,False
193,3266,TREND_SMA_50,-0.18801208435828487,-0.3125568207007243,0.6929692133572536,-0.2834458563444049,False,False
194,5063,CROSS_5_100,0.4930479902073767,-0.5113776724378034,0.5863447273593055,0.0005280343236224727,False,False
195,2380,CROSS_5_50,0.2873681573565024,-0.9221304070660097,0.7206724180440702,-0.45413575227315883,False,False
196,374,MOM_252,0.8641568052057259,-0.7448439514230694,0.43488377399125233,-0.13095706421179676,False,False
197,1218,CROSS_40_200,0.9645173346010933,-0.29899600490954703,0.9684733337159338,-0.2750201668084209,False,False
198,2400,CROSS_20_100,0.5445068185630172,-0.692124047658256,0.8112759926800974,-0.4361743516639358,False,False
199,3168,BREAKOUT_200,-0.022735926910589746,-0.3486000010813657,1.1621761673940338,-0.008737815214944655,False,False
200,1215,CROSS_40_200,0.8850880089934208,-0.39648247281535665,0.9949984292663652,-0.18105331140708447,False,False
201,851,CROSS_60_100,0.8581322797539922,-0.19775422107361806,0.5787054516850738,-0.2605523981431326,False,False
202,3093,CROSS_60_100,0.2655538998732289,-0.06981419214327067,1.0993925677369065,-0.20666692602008596,False,False
203,3167,BREAKOUT_200,0.04521152619778843,-0.27099267589133713,1.2280677357985486,0.10808746163025185,False,False
204,1399,BREAKOUT_100,0.6859184075944064,-0.6057933173637811,1.1207295491351734,-0.09635558161277835,False,False
205,1100,BREAKOUT_20,0.7861052209129148,-0.4340456715801344,1.3416906533905237,0.43277234842123713,False,False
206,2944,CROSS_60_200,0.08467918298259426,-0.34700126119935726,0.9838221954573166,-0.14540643364239592,False,False
207,2221,MOM_252,0.74735971527379,-0.4648114147314788,0.9709628639613911,-0.08508263695718377,False,False
208,3579,CROSS_60_200,0.552776167973053,0.36815544932753064,1.0891598830887619,0.3431461012257695,True,True
209,1868,CROSS_60_150,1.2277253511199469,-0.2581405990121799,0.9317731789599557,-0.01432453035332193,False,False
210,577,MOM_252,1.079949472693073,-0.6161558114148831,0.6006679703221071,-0.16598460916720859,False,False
211,4673,CROSS_20_200,0.3822313828529763,-0.49283994673700215,0.42036575801224985,-0.17506187966637965,False,False
212,3349,CROSS_20_100,0.10500200616502324,-0.052541710168817035,0.9432308239474563,-0.08526875513232923,False,False
213,1694,TREND_SMA_20,0.8708711963246286,-0.21173252539902276,0.8777032622353912,-0.40414252524583905,False,False
214,4712,MOM_252,0.38288677147238437,-0.38027604293002204,0.8652078554476773,0.06253983419100728,False,False
215,1430,CROSS_20_50,0.6161281718306447,-0.7308074532862832,0.5872170763452003,-0.911310488186071,False,False
216,3656,CROSS_40_100,0.5842687096768493,-0.08831850280686426,0.17279075132852514,-0.3470055387030244,False,False
217,1689,CROSS_40_50,0.8823593537393719,-0.25812753467244853,0.667648092417644,-0.49853821591674463,False,False
218,2166,MOM_252,0.7805097682844188,-0.5762914800321062,1.0926106119054515,-0.18210025583488476,False,False
219,5032,CROSS_60_100,0.6305254650258776,-0.13036577860708753,0.44142956054898164,-0.2568738556795378,False,False
220,3368,CROSS_60_200,-0.14860383715964232,-0.2032630541766275,0.7398445932294502,-0.2984343177135611,False,False
221,2864,MOM_60,0.03239999643616733,-0.2814588925515734,1.2718222505151666,-0.21265243937700418,False,False
222,2495,CROSS_20_50,1.2494170723380298,-0.1233734260458288,1.099027828893606,-0.1802312484188684,False,False
223,1613,CROSS_5_50,0.9358479915962086,-0.4128565635245407,0.8443802465970108,-0.07001874152841725,False,False
224,4841,CROSS_60_100,0.2694637738283274,-0.474698059328033,0.43102391663800377,-0.45939345578448765,False,False
225,1758,CROSS_10_150,1.0356091185514107,-0.3019851388478736,1.1887069659331144,0.03960257082020546,False,False
226,3761,BREAKOUT_200,0.6108079997322025,-0.03290072809501199,0.442603412521546,0.09889349174954698,False,False
227,4116,BREAKOUT_100,0.6594349177280634,-0.18328293142531127,0.26496114330690157,-0.18591358675512248,False,False
228,3185,CROSS_40_200,0.07653648497938845,-0.14079881047822596,1.2929812469594533,0.10394259799799999,False,False
229,4511,MOM_120,1.102986545252417,-0.44692408211731927,0.07774440423192829,-0.10491189152938296,False,False
230,2382,CROSS_10_50,0.3319909872296197,-0.952030333835169,0.8265780657723634,-0.34831142371008106,False,False
231,3326,BREAKOUT_20,0.4012516292663822,0.0965235899229473,0.5419812202483942,-0.448215483599784,True,False
232,4306,MOM_20,0.4167238928960449,-0.7631280920300458,0.24240359663944464,0.19441929143512449,False,False
233,4621,CROSS_10_150,0.6886530700742934,-0.3412174810340356,0.3741385130465513,-0.07455169381095339,False,False
234,4323,CROSS_20_150,0.896959693293944,-0.16613461732229506,0.06354140233521567,0.006295088204440136,False,False
235,4459,CROSS_10_50,1.2706488542951198,-0.026879682861742804,0.05558692936688883,0.11971025192617912,False,False
236,4829,CROSS_60_100,0.1541681210335661,-0.5622133665237721,0.7623024733304459,-0.17695509507686036,False,False
237,4516,MOM_120,1.1577327562787012,-0.21355339229573245,0.16520651263090017,-0.12289184624579153,False,False
238,1355,BREAKOUT_100,0.7275408663577597,-0.5289649779787973,0.7757474640465473,-0.6253175341032324,False,False
239,5162,CROSS_10_50,0.6780039519444818,-0.27184929550035086,0.7680349978501644,-0.21353620360482672,False,False
240,725,CROSS_5_50,0.4947297423331509,-1.218740376432918,0.5020451202459884,-0.18756416802113218,False,False
241,2600,BREAKOUT_20,0.4966488774846445,-0.1020934256072552,0.6450960432091785,-0.3479749396418541,False,False
242,4791,MOM_252,0.49309400961957756,-0.23470786886963846,0.5875569790872337,-0.15968754373227112,False,False
243,479,CROSS_60_150,0.5025969476120077,-1.3417638474119942,0.3583638177873569,-0.26890969631867634,False,False
244,4934,CROSS_60_200,0.45861363749899425,-0.4166389315014172,0.966288313834455,0.1344663107857158,False,False
245,2750,CROSS_10_150,0.4147448742872286,-0.06378343060017833,0.9546888645859725,-0.22912830041083998,False,False
246,4617,CROSS_5_150,0.7369542135351845,-0.3142378578867928,0.4417216817119731,-0.06183653183642912,False,False
247,4899,TREND_SMA_200,0.46064050358462266,-0.21857319007864362,1.022869294861981,0.09292411960433156,False,False
248,3019,CROSS_20_100,0.0681041257462128,-0.3625963180792544,1.1009734441823436,-0.09607781293320938,False,False
249,685,TREND_SMA_20,0.2698620086160453,-0.8686550838573175,0.5812843924073788,-0.431155781926023,False,False
250,4706,MOM_252,0.45486086112052093,-0.19005841489799158,0.6956891046787191,-0.14774260700762887,False,False
251,2154,CROSS_40_50,0.807637168715209,-0.6311546245659563,0.9896974002652352,-0.323985092825001,False,False
252,970,CROSS_60_100,0.4857432921628936,-0.3908442700332069,0.3739418001491045,-0.33384615081388924,False,False
253,1487,MOM_20,0.5282529622565656,-0.7338537571496051,1.0073495007239774,-0.46805985092057534,False,False
254,2391,BREAKOUT_100,0.7350157715867021,-0.5060144356725282,0.8802737135521156,-0.3873199562940972,False,False
255,4875,CROSS_20_200,0.29342736610930453,-0.17243397804558436,0.7935361820550175,-0.3665008818108031,False,False
256,2920,MOM_20,0.4169958388722615,0.08142016716833189,0.8720302539576246,-0.3429658820045687,False,False
257,2475,CROSS_5_150,1.2203006156305636,-0.533229807726507,1.1787315795670699,-0.01347655231238698,False,False
258,2299,CROSS_40_50,1.0077945025932011,-0.2087842987946249,0.8595326033196767,-0.29434009783515847,False,False
259,720,MOM_120,0.8638723795456613,-0.6453853184421148,0.9144480702777169,0.20011966429567085,False,False
260,4217,CROSS_40_150,0.9145991646428081,-0.32872371176325577,0.21480532954006074,0.03358415812273252,False,False
261,1382,CROSS_10_50,0.7860672535243048,-0.5224744944712507,0.6255182677014979,-0.9293762441121607,False,False
262,567,BREAKOUT_200,0.8886221147970762,-0.7869587813050414,0.7390730543669923,-0.03092990903921411,False,False
263,436,CROSS_20_150,0.5950106896897215,-1.1270807342719498,0.7562258675263157,0.10252521831455264,False,False
264,4959,BREAKOUT_20,1.0183644415949347,0.20401418531941085,0.6461927746095273,-0.17400722950292113,True,False
265,3615,CROSS_10_150,0.41178831967990237,-0.12677710797697506,0.5581999934520814,0.062184175786767826,False,False
266,4622,BREAKOUT_200,0.638925017903403,-0.3950494567280569,0.2252212623930074,-0.20202408616911005,False,False
267,4983,TREND_SMA_50,0.2508454437853164,-0.7101875438079706,0.9230063780280657,0.14423234274826346,False,False
268,1070,CROSS_40_150,1.1321425265078304,-0.277415555405939,0.912930583113444,0.46758811820210466,False,False
269,456,CROSS_20_150,0.6239054603938357,-0.9726299454909277,0.34962389087376433,-0.35828161265152003,False,False
270,2376,CROSS_10_50,0.5138409801756256,-0.657162111187624,0.6959193846932751,-0.4673953334334615,False,False
271,5039,MOM_120,0.27255061452034535,-0.6366648085835684,0.6527703010155422,-0.03137845678908868,False,False
272,737,TREND_SMA_100,0.8665761980425064,-0.7290921374265258,0.6850421540608247,0.045642615855229884,False,False
273,1832,CROSS_20_50,0.6865093837079211,-0.5478464413027566,0.7159106610185374,-0.44814806780004246,False,False
274,3133,TREND_SMA_150,0.10043897506003154,-0.31696050443496304,1.2585961805682908,-0.008733106835583815,False,False
275,2331,MOM_20,0.9566798675738694,-0.31568534923573277,1.2543457392944062,-0.09957415249915869,False,False
276,3697,MOM_120,0.5934514178253432,-0.08777277893234103,0.30754971023420696,-0.005060846041790912,False,False
277,1153,MOM_252,1.1831998200765312,-0.17843891436635118,0.9502189428862616,0.05078370507523777,False,False
278,3707,MOM_120,0.7707459255920686,0.17483503172348147,0.1042707942749743,-0.3368149726367846,True,False
279,4605,CROSS_40_200,0.8552462374401777,-0.6022387780697647,0.40061322536394045,-0.015254928301456472,False,False
280,4830,TREND_SMA_20,0.7130902515142664,-0.007713458690909558,0.5368252805745772,-0.39335106016385923,False,False
281,3131,CROSS_10_50,0.2955185294096446,-0.12514726771895823,1.3148339516821315,-0.04085724822234704,False,False
282,1157,MOM_252,0.9414482424606885,-0.3264340222970128,0.9029772820737182,-0.22335854950992173,False,False
283,2090,CROSS_60_200,0.8454533825051327,-0.6367581552556196,0.7835999767238508,-0.24240162989393,False,False
284,649,TREND_SMA_150,1.0387315180647174,-0.46283040642530215,1.0401218033814044,0.2634356627376444,False,False
285,4151,CROSS_20_50,0.43494499639003364,-0.3582644422655996,0.8773007108433692,0.6070697105360421,False,False
286,3473,BREAKOUT_55,-0.0737402277491159,0.07126685876174432,1.170099872146645,-0.27459223017589673,False,False
287,1582,TREND_SMA_20,0.38266186448060385,-0.5972686992773599,0.6589709127648213,-0.5059108758797819,False,False
288,4792,TREND_SMA_150,0.20393023807453173,-0.5274167691667784,0.7310095339661058,-0.08096877152512572,False,False
289,3408,MOM_20,0.2455034426656959,0.15293322406051968,0.7250846151322273,-0.5301378220042732,True,False
290,1965,CROSS_60_200,0.9365767881039723,-0.279969193426743,0.8095225796728307,-0.16491777797044116,False,False
291,1987,CROSS_5_50,0.6026853950614902,-0.5530826884100759,1.0051633715548645,-0.24915845267798575,False,False
292,4636,CROSS_5_200,0.5625089920723831,-0.2288342532196339,0.22985863926808922,-0.295808759606081,False,False
293,4401,MOM_20,0.7239813140960973,-0.885427471964324,-0.287203811441373,0.0071628355894559625,False,False
294,2364,CROSS_10_50,1.0621101383672837,-0.13470022663170877,0.8755761527255034,-0.34196428678639923,False,False
295,2284,TREND_SMA_50,0.64728009337899,-0.6094771783027373,1.037108835905598,-0.16031162569564184,False,False
296,1182,CROSS_60_100,1.1138199538228133,-0.22534074610188926,0.7667135560699166,-0.7575766570939986,False,False
297,3399,BREAKOUT_100,-0.04991480269727232,-0.08258133499493225,0.7477161360632897,-0.36015328039739636,False,False
298,1409,CROSS_20_100,0.8659184893820362,-0.473892532289494,1.0552134669640623,-0.19371648566833644,False,False
299,1614,BREAKOUT_20,1.4591372706725778,-0.008194566910180168,0.46814338352191404,-0.3630725259980594,False,False
300,760,CROSS_60_200,0.9322872346572356,-0.3288558321872004,1.0917024910196833,0.6334469789926676,False,False
301,2775,CROSS_60_100,0.31668324324732033,0.08215272794519701,1.3792918391993627,-0.2798422970846415,False,False
302,1539,CROSS_40_50,1.2081388087542426,-0.2661329919933675,0.8866827121697763,-0.5300213053538816,False,False
303,1272,MOM_252,0.8654099075538889,-0.33507088678625085,1.2248249793494768,0.08244536869736407,False,False
304,2078,CROSS_60_200,0.8373760680914643,-0.5045552114413898,0.9507955379637603,-0.13879467214857644,False,False
305,4619,CROSS_10_150,0.7608032666199865,-0.3169253351153989,0.4844767636793376,-0.02204050933543611,False,False
306,4275,CROSS_10_50,0.676066222149934,-0.622711867770156,-0.5173221743352118,-0.37349663473385186,False,False
307,3865,TREND_SMA_100,0.5154398059264674,-0.7787248357540184,0.18178995998493444,-0.15315321040038343,False,False
308,2440,CROSS_60_150,0.6454891699153411,-0.7395733950076617,1.17551292004251,-0.07567151901985403,False,False
309,2728,CROSS_5_50,0.5340632044629995,-0.11462871437737032,0.8434104028128511,-0.32749998777966915,False,False
310,3779,CROSS_40_50,0.577507610481109,-0.3518007536391996,0.6743633287621991,0.58761756595333,False,False
311,2392,CROSS_40_50,0.44381385785848093,-0.7858205515287848,1.066968580219519,-0.3243212166423659,False,False
312,2250,MOM_252,0.9020656129220904,-0.2989737124475478,1.1228806225425327,-0.019018220203408154,False,False
313,959,CROSS_40_100,0.6789189691066884,-0.32885919268691244,0.32220327349783806,-0.39336194797010626,False,False
314,4465,CROSS_40_100,1.2828331991455493,-0.13030525057539055,0.02473681674332482,0.12537259717825577,False,False
315,499,CROSS_60_150,0.7813357077203976,-1.1333860439029897,0.4230491860775687,-0.21867360758967203,False,False
316,1517,CROSS_10_50,1.3018271373618728,-0.11267807762552629,1.1168737975117136,-0.4398085799607583,False,False
317,4550,TREND_SMA_150,0.8616607921122954,-0.6422698508348674,0.3964325219994419,0.06255582400781456,False,False
318,3737,CROSS_5_100,0.6352220157106536,0.010241322729606317,0.5958857067053089,0.20353385656217515,True,True
319,422,CROSS_40_50,0.9496607533597823,-0.7559239661780917,0.7114359111345332,-0.03476840258462044,False,False
320,2017,BREAKOUT_20,1.0744543745526118,-0.3095512338107962,1.1310313761016455,-0.08296446411432545,False,False
321,4524,MOM_60,1.1370617307889705,-0.26801738462877633,0.030440038501462176,-0.18062242700146947,False,False
322,2967,MOM_60,0.27815666543256723,-0.11250685061069055,0.8556729351362348,-0.3898562814833715,False,False
323,3301,BREAKOUT_200,-0.27800286300466864,-0.41049442538958414,0.8673704470862675,-0.08754774073487726,False,False
324,387,BREAKOUT_100,0.7926866155505949,-0.7539681034419625,0.6686504929211879,-0.060870531876743295,False,False
325,4632,MOM_252,0.7684036600038684,0.1304475534696059,0.385064031200338,-0.22054337708036664,True,False
326,759,CROSS_60_200,0.9156038437065628,-0.3476009374618225,1.2430443762168781,0.8818538034218242,False,False
327,4118,CROSS_60_100,0.3769679466995704,-0.42076627345678763,0.38052775612071577,-0.054202647541593985,False,False
328,2686,CROSS_20_50,0.4597855486882001,-0.09085651052451715,1.0016741248895613,-0.1819666528876296,False,False
329,2547,MOM_60,0.7295540081647001,-0.5889135421313911,1.1554706329916096,-0.1528815860148074,False,False
330,2265,MOM_252,0.8142150666820339,-0.3228751798641851,1.0962117486337786,0.011805721306731076,False,False
331,4913,MOM_120,0.6179285553775405,-0.1258281472463414,0.941462949841634,0.04412315721746363,False,False
332,4610,CROSS_40_150,0.9211669510259146,-0.3906408043926626,0.37089276449697534,-0.09912605801557839,False,False
333,1769,CROSS_5_150,1.1165725771583515,-0.471636606079302,1.095850706098016,0.09621569242885508,False,False
334,4338,CROSS_5_100,0.9403392924901998,-0.2605592596767261,0.2818153906660214,0.18646246926969245,False,False
335,977,CROSS_60_150,0.6967617287184473,-0.2743966024932647,0.4900899949833835,-0.2696862161026585,False,False
336,291,CROSS_20_150,0.7921151135715662,-0.8154074916506819,0.4384615973430141,-0.12906165063914332,False,False
337,3344,MOM_60,0.30059766436522156,0.06274763828498786,0.7898635141658772,-0.24658992354341658,True,False
338,3464,CROSS_10_150,0.32832423288979107,0.3249218779951102,1.2439555546698626,-0.04151851436490528,True,False
339,3757,BREAKOUT_200,0.6386727943760453,0.006173461635174737,0.41993647104104265,0.026060355507868005,True,True
340,2865,CROSS_5_100,0.18431746962900877,-0.10681917436247956,1.1233185102203882,-0.376591346245303,False,False
341,3608,TREND_SMA_20,0.6034906494093987,0.09717903693585983,-0.050328006604135875,-0.5993041135513353,True,False
342,3456,CROSS_60_150,0.38401856108496724,0.29027476827132515,1.239679443883479,-0.048671526322729974,True,False
343,4063,CROSS_10_150,0.6983280864622479,-0.0903531302766658,0.11769698055956938,-0.020234159327372603,False,False
344,4347,CROSS_40_100,0.9515337909076741,-0.35651195771609023,-0.002927189763003021,-0.0038385344469478166,False,False
345,757,CROSS_60_150,0.8442496908488224,-0.40350252510177964,1.1833923767839594,0.7913641311033841,False,False
346,3826,CROSS_60_100,0.6369850921825613,-0.42928454134790184,0.3196402375071871,0.1339867684411733,False,False
347,4905,MOM_252,0.6662390303421601,-0.012049233905984336,0.6924097730779485,-0.14437797572257716,False,False
348,1490,MOM_20,1.004865532231536,-0.386566937694649,0.5772769453177906,-0.8350788059629244,False,False
349,2001,CROSS_40_50,0.39078459636302126,-0.6784212382156276,0.7702001233555136,-0.4347867713311999,False,False
350,3765,BREAKOUT_200,0.8056804278443515,0.0804264001444448,0.39204599797455614,0.06631628578039495,True,True
351,1470,CROSS_60_200,0.8304501623698205,-0.5423804709117708,1.0097439433227922,-0.0942666226929254,False,False
352,1261,BREAKOUT_200,0.8298677632292784,-0.3532484465538557,1.0660742984712708,-0.36570630315196073,False,False
353,2890,CROSS_60_100,0.06819828057091208,-0.2868761994629243,1.183859091767646,-0.07373396118023279,False,False
354,2285,CROSS_5_50,0.6438602855950204,-0.6130403252785648,0.8595625344299959,-0.29073870854313144,False,False
355,2608,TREND_SMA_150,0.46271080589588987,-0.10692162383226811,0.9160578663231099,-0.12024716555563719,False,False
356,2701,CROSS_5_200,0.26930267697818777,-0.3852186302095255,1.1445161853176526,-0.03345648291855419,False,False
357,1578,MOM_20,0.14543240479270453,-0.7329131586219806,0.6913602599043411,-0.5657600683644604,False,False
358,401,TREND_SMA_50,0.9233353173473247,-0.6429531528225336,1.0490896154125475,0.3225139218657449,False,False
359,4938,MOM_120,0.32246472413133487,-0.4914012127205316,0.9027383957150905,0.07517531840766534,False,False
360,941,CROSS_40_50,0.6873655247548662,-0.4108905542056984,0.48869006994076536,-0.17724941706249187,False,False
361,2126,MOM_20,0.9989474994635914,-0.5960300490898145,0.9294102208099564,-0.33041639882887375,False,False
362,3471,MOM_20,0.025469844277856264,0.1257216325627375,0.7037998974070055,-0.7210205973784869,True,False
363,480,CROSS_60_150,0.5148762706460616,-1.3268312612722157,0.33497346143274925,-0.31731088379997785,False,False
364,3485,CROSS_10_100,0.26548985222094157,0.3944601851702946,1.4463638891393777,-0.011726533701883035,True,False
365,284,MOM_252,0.8847691864778168,-0.5978832623566319,0.727210432281385,0.22521643871923014,False,False
366,1460,CROSS_40_150,0.7885513905381031,-0.5395767864290046,0.8801800995072215,-0.32755445991793275,False,False
367,733,MOM_60,0.850862802990786,-0.7647360530327432,0.6824163582413051,0.07765270474201125,False,False
368,804,CROSS_5_50,0.4802645154270235,-0.5885459256440064,0.7105886830400017,-0.25271823920058556,False,False
369,4490,BREAKOUT_55,1.4186092461087203,-0.022836513691808502,-0.42681817374268377,-0.1393168291177107,False,False
370,1180,CROSS_60_100,1.0543110061127858,-0.23745277862133096,0.8252514918750047,-0.7507641234446332,False,False
371,1926,MOM_120,0.9012267374645642,-0.3264992056789222,0.5873340994194278,-0.10442437081587119,False,False
372,363,CROSS_20_50,0.980463498812673,-0.5566164755257579,0.2793004274133503,-0.1969842462936986,False,False
373,3336,MOM_60,-0.10252509644378098,-0.2506934335116733,0.8460508847247262,-0.19550392917133919,False,False
374,4754,MOM_252,0.5095993061082035,-0.3706817833331233,0.9652938544190465,0.06172289982035073,False,False
375,1159,CROSS_60_150,0.6477520636734484,-0.6105757168096579,1.0324732354464885,-0.13384430491535682,False,False
376,4144,TREND_SMA_20,0.2671216981109635,-0.38947751610853865,0.4485648642894021,-0.02669147306086228,False,False
377,1897,CROSS_20_150,1.200841725891022,-0.27838004573959707,0.6785624381178565,-0.14960000818707808,False,False
378,1193,CROSS_5_200,0.8762178299308636,-0.3639210703759994,0.9813752622917598,-0.45693319947146227,False,False
379,3503,CROSS_5_50,-0.15077521247459108,0.06836963513612315,1.0864045666780067,-0.44970575207262886,False,False
380,2758,BREAKOUT_55,0.14790533351303672,-0.28742128728368144,1.464713054151053,0.10663968909627242,False,False
381,4967,BREAKOUT_55,0.5596806015236223,-0.3364433007448431,0.6600945384128802,-0.13902565137636924,False,False
382,674,CROSS_40_150,0.9484775114050542,-0.46377313228650485,0.8454830424422023,-0.06891628565379526,False,False
383,4761,TREND_SMA_200,0.4497860711982288,-0.32724851805098587,0.9154993861525306,0.04461481643147125,False,False
384,4911,CROSS_60_150,0.33913987214611474,-0.3842598036761302,0.9005910480292519,-0.05250814132313675,False,False
385,5003,CROSS_40_100,0.6441527705509821,-0.26570090591764073,0.61335988458321,-0.14562223016930065,False,False
386,639,CROSS_10_50,1.1026006405130466,-0.5558217601363293,0.958978694183088,0.07246038136829269,False,False
387,491,CROSS_40_150,0.7405067119378627,-1.1971609268099113,0.41580308696448937,-0.22634653037450647,False,False
388,3675,CROSS_5_100,0.36995750833162766,-0.2746554414831699,0.20497754726173062,-0.16683546060092325,False,False
389,4507,CROSS_60_100,1.0136267489038941,-0.6311524169364064,-0.12037211895019037,-0.1393525301017895,False,False
390,4944,MOM_120,0.36296836465440496,-0.4833928773805336,0.8841867122327516,0.12849313420986164,False,False
391,4269,BREAKOUT_20,0.6619905837569281,-0.6975405351724153,-0.17811750883275707,-0.18609429615692064,False,False
392,3046,CROSS_40_100,0.11976713404738962,-0.20025915224814095,0.8465392062401556,-0.37702443547905085,False,False
393,3870,TREND_SMA_200,0.773248866715289,-0.41011029508495267,0.28597992210520823,-0.0953407748671824,False,False
394,1377,CROSS_10_50,0.7863888463354684,-0.5111905141001891,0.8080412334911186,-0.4231857938868697,False,False
395,1436,CROSS_10_200,0.8332460160461063,-0.5433157896616465,1.0650330280467357,-0.09540644646843743,False,False
396,3919,MOM_20,0.25186750207804715,-0.539505452799643,0.8441766057846838,0.6601943264137309,False,False
397,4336,BREAKOUT_20,1.549611168345969,0.2727949921812667,0.47970488408242556,0.37994997184693946,True,True
398,3940,TREND_SMA_150,0.3639125300419394,-0.4727547656695703,0.14854259984856535,-0.18295375606657904,False,False
399,1007,BREAKOUT_20,0.4078593349780416,-0.3359551402290164,0.7196398441376086,-0.4492253976577558,False,False
400,2100,CROSS_60_200,0.8543556660574827,-0.785424734800185,0.7767996785089308,-0.20794818365545176,False,False
401,1938,CROSS_20_50,0.4513356283837748,-0.7873559382081252,0.9965291591146505,0.023941996976293067,False,False
402,4513,MOM_120,1.186122962816539,-0.24677255868414205,0.11676701683591435,-0.15159211552617036,False,False
403,3561,CROSS_60_200,0.46713150504563195,0.4574319966381668,1.1323339319097632,0.01739207663947484,True,True
404,1974,MOM_20,0.8709667400780207,-0.4416072003307958,0.5566276740940999,-0.3598543047150067,False,False
405,4895,CROSS_40_200,0.46404725028119376,-0.2138830455727474,0.6857305082709987,-0.23049428349145518,False,False
406,1158,TREND_SMA_200,1.1612795960808764,-0.2164439055827223,0.9200455959817979,-0.23615106691937715,False,False
407,1271,MOM_252,0.9123298159497841,-0.3155995136005536,1.0594870911766114,-0.17721161227383808,False,False
408,5167,CROSS_20_50,0.7738873723585012,-0.10079462050804211,0.5447503874670119,-0.41024249094108733,False,False
409,4099,CROSS_10_50,0.8184043208735652,-0.03974265677364541,0.4489942099947319,0.11096167834089843,False,False
410,1545,CROSS_10_100,1.1303410927431254,-0.2830103945367377,0.9727802957926022,-0.25633583577832586,False,False
411,2587,TREND_SMA_20,0.16785536700060147,-0.6408759895173868,0.25070271578229086,-0.49989712890193116,False,False
412,2841,CROSS_5_200,0.018026483215599992,-0.26208724402157335,1.2963948892414374,-0.10927229976294117,False,False
413,361,CROSS_40_50,0.932797827185041,-0.6593470701430664,0.8457794106944361,0.3004382141732149,False,False
414,4956,CROSS_60_200,0.5225351596535556,-0.40614404054435815,0.9628398576541459,0.23432167217717326,False,False
415,2908,BREAKOUT_20,0.37181484108940666,0.08481431694680985,1.3710806931091972,-0.055680968167763245,True,False
416,2790,CROSS_60_150,0.36241177877712355,0.18962466513792875,1.425066739179871,-0.237050766619741,True,False
417,3244,TREND_SMA_20,0.17920018934445478,-0.02450200509780709,0.5970295609487037,-0.5361132829665141,False,False
418,4635,MOM_252,0.7408333604561316,0.05630723020442874,0.3947047720735097,-0.16147565522362783,True,False
419,4142,BREAKOUT_100,0.6498524893309018,-0.05242926383136037,0.7947177788436963,0.44593556960993075,False,False
420,1807,CROSS_20_200,1.4772770869087126,-0.0955191513414908,0.8854803167442405,-0.1180414581225433,False,False
421,1573,CROSS_60_100,1.3172490352201405,0.08042381710505331,0.6632857659177256,-0.4628252914826776,True,False
422,2483,CROSS_40_200,1.2273265782788079,-0.2341152629611596,1.151833603512546,-0.06034661525181706,False,False
423,471,CROSS_40_150,0.45056230825674376,-1.329246499319694,0.3154094737365735,-0.3413018085274291,False,False
424,2073,CROSS_40_200,0.7295392760386104,-0.5487423258871398,0.8566921227029255,-0.2654026611869613,False,False
425,1527,CROSS_20_50,1.3206578518916177,-0.052933408406514504,1.3957433501839482,-0.04807434564525348,False,False
426,331,BREAKOUT_55,0.9642369516733518,-0.6567422198349617,0.3424551227812967,-0.090109134649623,False,False
427,3380,CROSS_5_150,0.3524057697495318,0.18578732628066819,0.9349998878826119,-0.10098866120869121,True,False
428,3386,CROSS_20_200,0.3303644234037447,0.18400883676261415,0.9367160665418597,-0.14152519771382033,True,False
429,1595,MOM_20,0.8357208360190079,-0.3725734460142225,1.8478568182345072,0.5951075579726532,False,False
430,1504,MOM_120,0.9952175522348492,-0.298749607640697,0.9649640565866001,-0.5888843341540251,False,False
431,2566,CROSS_20_150,1.0524018131006119,-0.004487945959606332,1.4151938177002887,0.30408899074640194,False,False
432,3094,CROSS_60_100,0.23393277582387967,-0.10616543075361062,1.262107521356857,-0.05093827590886568,False,False
433,4901,MOM_120,0.5189514257168455,-0.17852376168785833,0.79545643814435,-0.1846181070652586,False,False
434,2057,CROSS_40_50,0.7034496354081374,-0.553305388648756,0.3956646661365077,-0.6504819406357187,False,False
435,4244,CROSS_10_50,0.8800289504392721,-0.3881633552503494,-0.08639390753374383,-0.23891166381767048,False,False
436,1372,CROSS_20_100,0.8456076848183773,-0.5090854516499359,0.8857837435264272,-0.3414146801157609,False,False
437,2213,MOM_252,0.6750882109582608,-0.4795332650167987,1.040769576345486,-0.11325025630884777,False,False
438,2661,CROSS_60_100,0.3506488159381986,0.0044032333825272385,1.0223138101773712,-0.22292697092732694,True,False
439,1737,CROSS_5_50,1.098109234866902,0.04457247150114285,0.9084947884642463,-0.44608146886087874,True,False
440,1543,CROSS_10_100,1.003340708857096,-0.3319225861899999,1.0298342121827853,-0.2544769653847996,False,False
441,3505,CROSS_5_50,-0.23066722674316628,0.016700676418529792,1.0869391946236242,-0.4320365798186163,False,False
442,4866,TREND_SMA_200,0.32835172567257337,-0.22941521965126044,0.8057709814760378,-0.2919496489382236,False,False
443,4582,TREND_SMA_150,0.9229914559761092,-0.5954233437756973,0.6283697063304037,0.18674431499357125,False,False
444,2574,CROSS_40_150,1.004747573596791,-0.1667255084477719,1.2321606337297668,0.12684141324396814,False,False
445,4233,MOM_20,0.5563534139073371,-0.7806162397196457,-0.0751276928499882,-0.2191280633401158,False,False
446,2206,TREND_SMA_20,0.5344218579781498,-0.5676894075675634,0.2300513377064202,-0.7613258316943872,False,False
447,1785,BREAKOUT_20,1.54335299891018,-0.2753750441598879,0.8257729686159239,-0.2911114007419975,False,False
448,4734,MOM_252,0.4576239113123931,-0.27428160818983116,0.8808002303613927,-0.05820686269936415,False,False
449,3182,CROSS_40_200,0.03956187891393476,-0.2663769999151866,1.2379940481165277,0.17636329076676271,False,False
450,829,CROSS_20_150,0.868860321091875,-0.3580828593974146,0.8827454016390126,0.34258231328941635,False,False
451,3506,CROSS_10_50,-0.0820569122425352,0.07509455130818277,1.116532657491452,-0.3369994662946514,False,False
452,2885,CROSS_40_100,0.19796611362174862,-0.09856288416597647,1.3292594971858678,0.04060960472124697,False,False
453,3573,CROSS_60_200,0.7042153191496919,0.6277933565116784,1.078860196774902,0.0818459969761145,True,True
454,652,CROSS_20_150,0.969662391404898,-0.5289182339712386,0.9688196671610378,0.13795472268324982,False,False
455,814,CROSS_20_50,0.7333422285663108,-0.40809905010781966,0.5495178637323308,-0.47078397480353207,False,False
456,2855,CROSS_20_200,0.06822362073010932,-0.21490101225923297,1.4420656752159575,-0.0844669187827658,False,False
457,1044,CROSS_20_150,1.0044431010468768,-0.1496645016895639,0.9241115389167797,0.37857535449041935,False,False
458,2972,CROSS_20_100,0.3489914739902783,-0.11131266422102915,0.8087085924373024,-0.3408838017789564,False,False
459,3557,CROSS_20_200,0.6221928331861557,0.6115270309495393,1.0876899723296942,-0.1517775128977128,True,False
460,4568,CROSS_20_50,0.8018185682541042,-0.948557169659545,0.8889788863290065,0.4012835074176102,False,False
461,1739,TREND_SMA_20,0.6210058756861058,-0.4300132863309898,1.254934654925313,-0.15047643151612933,False,False
462,449,CROSS_40_150,0.582760197686066,-1.0031954277360016,0.6246866647380523,-0.14449551132438465,False,False
463,271,CROSS_5_100,0.6906386054408793,-0.9074163207387087,0.7102140705390128,0.18318538655349137,False,False
464,4964,CROSS_60_200,0.5166009584218909,-0.3665164581063194,0.8470544797676897,0.08318313931804044,False,False
465,4411,TREND_SMA_20,1.0434464746247105,-0.4206857686291132,-0.4068552141483075,-0.1363710624273925,False,False
466,281,CROSS_60_100,0.7913279049223833,-0.835931122644133,0.6972525783180925,0.16473079135891133,False,False
467,3480,CROSS_5_100,0.40358031875567313,0.5447298603688865,1.403842325293698,-0.11406423379152608,True,False
468,3436,CROSS_40_100,0.23492413947946753,0.13623274955708453,0.9006541512183375,-0.33234925052944253,True,False
469,1980,TREND_SMA_20,1.0114749273573485,-0.23957177365602766,0.7284300746672449,-0.2416952693551917,False,False
470,1833,CROSS_40_50,1.055497086170742,-0.32510370495892915,1.0898997201629776,-0.144739998037821,False,False
471,1547,CROSS_20_100,1.2808675816022679,-0.01107351452812022,1.0304248558996736,-0.1605025505314721,False,False
472,2070,CROSS_40_200,0.7553903942847526,-0.4765737821256517,0.8983434934752442,-0.3202837359101398,False,False
473,2571,CROSS_40_150,0.9418313452015138,-0.039747959291408286,1.426973334088939,0.2581137230303612,False,False
474,1808,TREND_SMA_20,0.7069115960819796,-0.6853966686178175,0.8024386496203756,-0.2856255715169713,False,False
475,1016,BREAKOUT_20,0.42760682332747724,-0.42643786885651713,1.0564083364750059,0.08364013193041986,False,False
476,4216,CROSS_40_150,0.9026650554221594,-0.3351600404752513,0.2160091379341531,0.019194805941833648,False,False
477,3445,CROSS_40_150,0.4189373025023134,0.261566151634413,1.2029971293578074,-0.014351899176460181,True,False
478,4402,BREAKOUT_20,0.9164917528150386,-0.6048442601030108,-0.38809472807952383,-0.07140359783091543,False,False
479,1471,BREAKOUT_20,0.5381475900694825,-0.7539011381382916,0.667994059959349,-0.7523276257420315,False,False
480,4183,CROSS_10_100,0.8611770640672473,-0.1658386102062881,0.4996264198460123,0.23356804674672982,False,False
481,4293,MOM_252,0.8070932153462006,-0.3938568063499679,0.06321990371990978,-0.033799813776917764,False,False
482,990,CROSS_60_100,0.63044995846174,-0.2527680146385425,0.7306703542731597,-0.10353463847607092,False,False
483,4594,BREAKOUT_200,0.9048156668893579,-0.7087594894605995,0.3746934828534702,-0.017108495855512995,False,False
484,3731,MOM_252,0.687919449270306,0.18895149355746055,0.36166259737218526,-0.14239088023927304,True,False
485,3084,CROSS_40_100,0.21118900998164167,-0.1367212612674895,1.193699985069491,-0.11589860993871337,False,False
486,946,BREAKOUT_100,0.9865141439646842,-0.09908971405272493,0.43079380506587417,-0.2716081486666697,False,False
487,1149,CROSS_20_100,0.7544390855341577,-0.5328941793236879,0.848326017472535,-0.2562084315619355,False,False
488,5187,CROSS_20_50,0.466238274453003,-0.5349655534166153,-0.004229110531139661,-0.9635665891716284,False,False
489,2796,CROSS_60_150,0.31123566240370276,0.06653308951658388,1.4673689606905274,-0.21827761541852708,True,False
490,3107,TREND_SMA_20,0.18144283144733978,-0.10715873296674716,0.7403583775393174,-0.623198165153982,False,False
491,1105,CROSS_40_150,0.8579409955551611,-0.46997678356441175,0.7974810871370265,-0.24850995967040324,False,False
492,3143,CROSS_40_50,0.32134355739277387,0.01865297814331468,1.0806391919199272,-0.36064240912916223,True,False
493,3311,CROSS_5_150,-0.28048132417773486,-0.3620946213483347,0.6322294061497036,-0.36885539020846414,False,False
494,4126,CROSS_20_50,0.7170490144285573,-0.03821095642247174,-0.0015661853609717125,-0.42138787097043984,False,False
495,3936,MOM_252,0.5660862700310069,-0.2323807707999832,0.31016245890478417,-0.03449536384763152,False,False
496,1139,MOM_60,0.8304523569446403,-0.47631940165847597,1.021972659346232,-0.0005849956017973668,False,False
497,2033,CROSS_5_50,0.9929101073682481,-0.40387473454175216,0.6945647218980615,-0.39465234912373637,False,False
498,1902,MOM_120,1.1461485123884545,-0.2931531544126613,0.7522640443387427,-0.10035024212822874,False,False
499,1427,BREAKOUT_100,0.8756502288361059,-0.4992333799867461,1.059779618672871,-0.12377021783203013,False,False
500,357,CROSS_40_50,0.917065824173794,-0.7133201451844096,0.6651439355580181,0.16106634090606264,False,False
