prev_q,curr_q,security_key,prev_shares,curr_shares,delta_shares,event,instrument_type
2020Q4,2021Q1,CAMECO,10188363,11120451,932088,INCREASE,LONG
2020Q4,2021Q1,GATOS,1905420,1902120,-3300,DECREASE,LONG
2020Q4,2021Q1,HARMONY,11708722,17620729,5912007,INCREASE,LONG
2020Q4,2021Q1,LBRT,4118054,4660654,542600,INCREASE,LONG
2020Q4,2021Q1,NEWGOLD,6141202,0,-6141202,EXIT,LONG
2020Q4,2021Q1,NOVAGOLD,6463807,8353350,1889543,INCREASE,LONG
2020Q4,2021Q1,RRC,8014920,8014920,0,UNCHANGED,LONG
2020Q4,2021Q1,SIBANYE,9627093,0,-9627093,EXIT,LONG
2020Q4,2021Q1,SLB,7750476,6709476,-1041000,DECREASE,LONG
2020Q4,2021Q1,VANECK_JR_GOLD,291000,1527000,1236000,INCREASE,LONG
2020Q4,2021Q1,VEON,66354260,74053196,7698936,INCREASE,LONG
2021Q1,2021Q2,CAMECO,11120451,11693451,573000,INCREASE,LONG
2021Q1,2021Q2,DM,0,317677,317677,NEW,LONG
2021Q1,2021Q2,GATOS,1902120,2092120,190000,INCREASE,LONG
2021Q1,2021Q2,HARMONY,17620729,20156016,2535287,INCREASE,LONG
2021Q1,2021Q2,LBRT,4660654,4982862,322208,INCREASE,LONG
2021Q1,2021Q2,NOVAGOLD,8353350,9380100,1026750,INCREASE,LONG
2021Q1,2021Q2,RRC,8014920,8544920,530000,INCREASE,LONG
2021Q1,2021Q2,SKIL,0,310032,310032,NEW,LONG
2021Q1,2021Q2,SLB,6709476,5805476,-904000,DECREASE,LONG
2021Q1,2021Q2,VAL,0,511898,511898,NEW,LONG
2021Q1,2021Q2,VANECK_JR_GOLD,1527000,1819000,292000,INCREASE,LONG
2021Q1,2021Q2,VEON,74053196,78347333,4294137,INCREASE,LONG
2021Q1,2021Q2,WFRD,0,5118632,5118632,NEW,LONG
2021Q2,2021Q3,CAMECO,11693451,9907663,-1785788,DECREASE,LONG
2021Q2,2021Q3,DM,317677,778177,460500,INCREASE,LONG
2021Q2,2021Q3,GATOS,2092120,2352120,260000,INCREASE,LONG
2021Q2,2021Q3,HARMONY,20156016,25164903,5008887,INCREASE,LONG
2021Q2,2021Q3,LBRT,4982862,4982862,0,UNCHANGED,LONG
2021Q2,2021Q3,NOVAGOLD,9380100,11349506,1969406,INCREASE,LONG
2021Q2,2021Q3,QQQJ_PUT,0,1502700,1502700,NEW,PUT
2021Q2,2021Q3,RRC,8544920,8544920,0,UNCHANGED,LONG
2021Q2,2021Q3,SKIL,310032,1155361,845329,INCREASE,LONG
2021Q2,2021Q3,SLB,5805476,5805476,0,UNCHANGED,LONG
2021Q2,2021Q3,VAL,511898,696665,184767,INCREASE,LONG
2021Q2,2021Q3,VANECK_JR_GOLD,1819000,2015213,196213,INCREASE,LONG
2021Q2,2021Q3,VEON,78347333,78347333,0,UNCHANGED,LONG
2021Q2,2021Q3,WFRD,5118632,5524806,406174,INCREASE,LONG
2021Q3,2021Q4,CAMECO,9907663,9714663,-193000,DECREASE,LONG
2021Q3,2021Q4,DM,778177,1228177,450000,INCREASE,LONG
2021Q3,2021Q4,FATH,0,1000000,1000000,NEW,LONG
2021Q3,2021Q4,GATOS,2352120,2703036,350916,INCREASE,LONG
2021Q3,2021Q4,HARMONY,25164903,25164903,0,UNCHANGED,LONG
2021Q3,2021Q4,LBRT,4982862,4982862,0,UNCHANGED,LONG
2021Q3,2021Q4,NOVAGOLD,11349506,11770920,421414,INCREASE,LONG
2021Q3,2021Q4,QQQJ_PUT,1502700,1915000,412300,INCREASE,PUT
2021Q3,2021Q4,RRC,8544920,8397014,-147906,DECREASE,LONG
2021Q3,2021Q4,SKIL,1155361,1155361,0,UNCHANGED,LONG
2021Q3,2021Q4,SLB,5805476,5805476,0,UNCHANGED,LONG
2021Q3,2021Q4,SMH_PUT,0,165000,165000,NEW,PUT
2021Q3,2021Q4,VAL,696665,1986649,1289984,INCREASE,LONG
2021Q3,2021Q4,VANECK_JR_GOLD,2015213,2092213,77000,INCREASE,LONG
2021Q3,2021Q4,VEON,78347333,78347333,0,UNCHANGED,LONG
2021Q3,2021Q4,WFRD,5524806,5501212,-23594,DECREASE,LONG
2021Q4,2022Q1,CAMECO,9714663,10052663,338000,INCREASE,LONG
2021Q4,2022Q1,DM,1228177,1228177,0,UNCHANGED,LONG
2021Q4,2022Q1,FATH,1000000,1000000,0,UNCHANGED,LONG
2021Q4,2022Q1,GATOS,2703036,2872657,169621,INCREASE,LONG
2021Q4,2022Q1,HARMONY,25164903,25164903,0,UNCHANGED,LONG
2021Q4,2022Q1,KWEB,0,456474,456474,NEW,LONG
2021Q4,2022Q1,LBRT,4982862,4982862,0,UNCHANGED,LONG
2021Q4,2022Q1,NOVAGOLD,11770920,12506537,735617,INCREASE,LONG
2021Q4,2022Q1,QQQJ_PUT,1915000,0,-1915000,EXIT,PUT
2021Q4,2022Q1,RRC,8397014,8085014,-312000,DECREASE,LONG
2021Q4,2022Q1,SKIL,1155361,1155361,0,UNCHANGED,LONG
2021Q4,2022Q1,SLB,5805476,3047638,-2757838,DECREASE,LONG
2021Q4,2022Q1,SMH_PUT,165000,165000,0,UNCHANGED,PUT
2021Q4,2022Q1,VAL,1986649,2085636,98987,INCREASE,LONG
2021Q4,2022Q1,VANECK_JR_GOLD,2092213,2369213,277000,INCREASE,LONG
2021Q4,2022Q1,VEON,78347333,106431775,28084442,INCREASE,LONG
2021Q4,2022Q1,WFRD,5501212,5501212,0,UNCHANGED,LONG
2022Q1,2022Q2,CAMECO,10052663,9180357,-872306,DECREASE,LONG
2022Q1,2022Q2,DM,1228177,1228177,0,UNCHANGED,LONG
2022Q1,2022Q2,FATH,1000000,1000000,0,UNCHANGED,LONG
2022Q1,2022Q2,GATOS,2872657,2872657,0,UNCHANGED,LONG
2022Q1,2022Q2,HARMONY,25164903,25164903,0,UNCHANGED,LONG
2022Q1,2022Q2,KWEB,456474,924315,467841,INCREASE,LONG
2022Q1,2022Q2,LBRT,4982862,3489393,-1493469,DECREASE,LONG
2022Q1,2022Q2,NOVAGOLD,12506537,14211573,1705036,INCREASE,LONG
2022Q1,2022Q2,PARA,0,686000,686000,NEW,LONG
2022Q1,2022Q2,RRC,8085014,6190163,-1894851,DECREASE,LONG
2022Q1,2022Q2,SKIL,1155361,1155361,0,UNCHANGED,LONG
2022Q1,2022Q2,SLB,3047638,2611638,-436000,DECREASE,LONG
2022Q1,2022Q2,SMH_PUT,165000,0,-165000,EXIT,PUT
2022Q1,2022Q2,VAL,2085636,2021533,-64103,DECREASE,LONG
2022Q1,2022Q2,VANECK_JR_GOLD,2369213,2576213,207000,INCREASE,LONG
2022Q1,2022Q2,VEON,106431775,120785818,14354043,INCREASE,LONG
2022Q1,2022Q2,WFRD,5501212,5342279,-158933,DECREASE,LONG
2022Q2,2022Q3,CAMECO,9180357,6616904,-2563453,DECREASE,LONG
2022Q2,2022Q3,DM,1228177,1228177,0,UNCHANGED,LONG
2022Q2,2022Q3,FATH,1000000,1000000,0,UNCHANGED,LONG
2022Q2,2022Q3,GATOS,2872657,2872657,0,UNCHANGED,LONG
2022Q2,2022Q3,HARMONY,25164903,26664903,1500000,INCREASE,LONG
2022Q2,2022Q3,KWEB,924315,924315,0,UNCHANGED,LONG
2022Q2,2022Q3,LBRT,3489393,0,-3489393,EXIT,LONG
2022Q2,2022Q3,NOVAGOLD,14211573,14776778,565205,INCREASE,LONG
2022Q2,2022Q3,PARA,686000,686000,0,UNCHANGED,LONG
2022Q2,2022Q3,RRC,6190163,6190163,0,UNCHANGED,LONG
2022Q2,2022Q3,SKIL,1155361,1155361,0,UNCHANGED,LONG
2022Q2,2022Q3,SLB,2611638,2611638,0,UNCHANGED,LONG
2022Q2,2022Q3,TEVA,0,11522187,11522187,NEW,LONG
2022Q2,2022Q3,VAL,2021533,2021533,0,UNCHANGED,LONG
2022Q2,2022Q3,VANECK_JR_GOLD,2576213,2432213,-144000,DECREASE,LONG
2022Q2,2022Q3,VEON,120785818,120785818,0,UNCHANGED,LONG
2022Q2,2022Q3,WFRD,5342279,5342279,0,UNCHANGED,LONG
2022Q3,2022Q4,CAMECO,6616904,5429764,-1187140,DECREASE,LONG
2022Q3,2022Q4,DM,1228177,1228177,0,UNCHANGED,LONG
2022Q3,2022Q4,FATH,1000000,1000000,0,UNCHANGED,LONG
2022Q3,2022Q4,GATOS,2872657,3449447,576790,INCREASE,LONG
2022Q3,2022Q4,HARMONY,26664903,29744388,3079485,INCREASE,LONG
2022Q3,2022Q4,INVESCO_GOLDEN_DRAGON,0,397130,397130,NEW,LONG
2022Q3,2022Q4,KWEB,924315,499315,-425000,DECREASE,LONG
2022Q3,2022Q4,NEXGEN,0,55200,55200,NEW,LONG
2022Q3,2022Q4,NOVAGOLD,14776778,15702926,926148,INCREASE,LONG
2022Q3,2022Q4,PARA,686000,686000,0,UNCHANGED,LONG
2022Q3,2022Q4,RRC,6190163,6347163,157000,INCREASE,LONG
2022Q3,2022Q4,SKIL,1155361,1155361,0,UNCHANGED,LONG
2022Q3,2022Q4,SLB,2611638,2228938,-382700,DECREASE,LONG
2022Q3,2022Q4,TEVA,11522187,15008389,3486202,INCREASE,LONG
2022Q3,2022Q4,VAL,2021533,2056838,35305,INCREASE,LONG
2022Q3,2022Q4,VANECK_JR_GOLD,2432213,2851213,419000,INCREASE,LONG
2022Q3,2022Q4,VEON,120785818,131068288,10282470,INCREASE,LONG
2022Q3,2022Q4,WFRD,5342279,4669231,-673048,DECREASE,LONG
