quarter,report_date,publication_date,manager_regime,security_key,shares,instrument_type,verification_state
2020Q4,2020-12-31,2021-01-20 12:23:54,EXOR_INVESTMENTS_UK,CAMECO,10188363,LONG,PRIMARY_SEC
2020Q4,2020-12-31,2021-01-20 12:23:54,EXOR_INVESTMENTS_UK,GATOS,1905420,LONG,PRIMARY_SEC
2020Q4,2020-12-31,2021-01-20 12:23:54,EXOR_INVESTMENTS_UK,HARMONY,11708722,LONG,PRIMARY_SEC
2020Q4,2020-12-31,2021-01-20 12:23:54,EXOR_INVESTMENTS_UK,LBRT,4118054,LONG,PRIMARY_SEC
2020Q4,2020-12-31,2021-01-20 12:23:54,EXOR_INVESTMENTS_UK,NEWGOLD,6141202,LONG,PRIMARY_SEC
2020Q4,2020-12-31,2021-01-20 12:23:54,EXOR_INVESTMENTS_UK,NOVAGOLD,6463807,LONG,PRIMARY_SEC
2020Q4,2020-12-31,2021-01-20 12:23:54,EXOR_INVESTMENTS_UK,RRC,8014920,LONG,PRIMARY_SEC
2020Q4,2020-12-31,2021-01-20 12:23:54,EXOR_INVESTMENTS_UK,SIBANYE,9627093,LONG,PRIMARY_SEC
2020Q4,2020-12-31,2021-01-20 12:23:54,EXOR_INVESTMENTS_UK,SLB,7750476,LONG,PRIMARY_SEC
2020Q4,2020-12-31,2021-01-20 12:23:54,EXOR_INVESTMENTS_UK,VANECK_JR_GOLD,291000,LONG,PRIMARY_SEC
2020Q4,2020-12-31,2021-01-20 12:23:54,EXOR_INVESTMENTS_UK,VEON,66354260,LONG,PRIMARY_SEC
2021Q1,2021-03-31,2021-04-29 09:07:25,EXOR_CAPITAL,CAMECO,11120451,LONG,PRIMARY_SEC
2021Q1,2021-03-31,2021-04-29 09:07:25,EXOR_CAPITAL,GATOS,1902120,LONG,PRIMARY_SEC
2021Q1,2021-03-31,2021-04-29 09:07:25,EXOR_CAPITAL,HARMONY,17620729,LONG,PRIMARY_SEC
2021Q1,2021-03-31,2021-04-29 09:07:25,EXOR_CAPITAL,LBRT,4660654,LONG,PRIMARY_SEC
2021Q1,2021-03-31,2021-04-29 09:07:25,EXOR_CAPITAL,NOVAGOLD,8353350,LONG,PRIMARY_SEC
2021Q1,2021-03-31,2021-04-29 09:07:25,EXOR_CAPITAL,RRC,8014920,LONG,PRIMARY_SEC
2021Q1,2021-03-31,2021-04-29 09:07:25,EXOR_CAPITAL,SLB,6709476,LONG,PRIMARY_SEC
2021Q1,2021-03-31,2021-04-29 09:07:25,EXOR_CAPITAL,VANECK_JR_GOLD,1527000,LONG,PRIMARY_SEC
2021Q1,2021-03-31,2021-04-29 09:07:25,EXOR_CAPITAL,VEON,74053196,LONG,PRIMARY_SEC
2021Q2,2021-06-30,2021-07-29 15:08:01,EXOR_CAPITAL,CAMECO,11693451,LONG,PRIMARY_SEC
2021Q2,2021-06-30,2021-07-29 15:08:01,EXOR_CAPITAL,DM,317677,LONG,PRIMARY_SEC
2021Q2,2021-06-30,2021-07-29 15:08:01,EXOR_CAPITAL,GATOS,2092120,LONG,PRIMARY_SEC
2021Q2,2021-06-30,2021-07-29 15:08:01,EXOR_CAPITAL,HARMONY,20156016,LONG,PRIMARY_SEC
2021Q2,2021-06-30,2021-07-29 15:08:01,EXOR_CAPITAL,LBRT,4982862,LONG,PRIMARY_SEC
2021Q2,2021-06-30,2021-07-29 15:08:01,EXOR_CAPITAL,NOVAGOLD,9380100,LONG,PRIMARY_SEC
2021Q2,2021-06-30,2021-07-29 15:08:01,EXOR_CAPITAL,RRC,8544920,LONG,PRIMARY_SEC
2021Q2,2021-06-30,2021-07-29 15:08:01,EXOR_CAPITAL,SKIL,310032,LONG,PRIMARY_SEC
2021Q2,2021-06-30,2021-07-29 15:08:01,EXOR_CAPITAL,SLB,5805476,LONG,PRIMARY_SEC
2021Q2,2021-06-30,2021-07-29 15:08:01,EXOR_CAPITAL,VAL,511898,LONG,PRIMARY_SEC
2021Q2,2021-06-30,2021-07-29 15:08:01,EXOR_CAPITAL,VANECK_JR_GOLD,1819000,LONG,PRIMARY_SEC
2021Q2,2021-06-30,2021-07-29 15:08:01,EXOR_CAPITAL,VEON,78347333,LONG,PRIMARY_SEC
2021Q2,2021-06-30,2021-07-29 15:08:01,EXOR_CAPITAL,WFRD,5118632,LONG,PRIMARY_SEC
2021Q3,2021-09-30,2021-11-01 15:41:49,EXOR_CAPITAL,CAMECO,9907663,LONG,PRIMARY_SEC
2021Q3,2021-09-30,2021-11-01 15:41:49,EXOR_CAPITAL,DM,778177,LONG,PRIMARY_SEC
2021Q3,2021-09-30,2021-11-01 15:41:49,EXOR_CAPITAL,GATOS,2352120,LONG,PRIMARY_SEC
2021Q3,2021-09-30,2021-11-01 15:41:49,EXOR_CAPITAL,HARMONY,25164903,LONG,PRIMARY_SEC
2021Q3,2021-09-30,2021-11-01 15:41:49,EXOR_CAPITAL,LBRT,4982862,LONG,PRIMARY_SEC
2021Q3,2021-09-30,2021-11-01 15:41:49,EXOR_CAPITAL,NOVAGOLD,11349506,LONG,PRIMARY_SEC
2021Q3,2021-09-30,2021-11-01 15:41:49,EXOR_CAPITAL,QQQJ_PUT,1502700,PUT,PRIMARY_SEC
2021Q3,2021-09-30,2021-11-01 15:41:49,EXOR_CAPITAL,RRC,8544920,LONG,PRIMARY_SEC
2021Q3,2021-09-30,2021-11-01 15:41:49,EXOR_CAPITAL,SKIL,1155361,LONG,PRIMARY_SEC
2021Q3,2021-09-30,2021-11-01 15:41:49,EXOR_CAPITAL,SLB,5805476,LONG,PRIMARY_SEC
2021Q3,2021-09-30,2021-11-01 15:41:49,EXOR_CAPITAL,VAL,696665,LONG,PRIMARY_SEC
2021Q3,2021-09-30,2021-11-01 15:41:49,EXOR_CAPITAL,VANECK_JR_GOLD,2015213,LONG,PRIMARY_SEC
2021Q3,2021-09-30,2021-11-01 15:41:49,EXOR_CAPITAL,VEON,78347333,LONG,PRIMARY_SEC
2021Q3,2021-09-30,2021-11-01 15:41:49,EXOR_CAPITAL,WFRD,5524806,LONG,PRIMARY_SEC
2021Q4,2021-12-31,2022-01-18 09:51:36,EXOR_CAPITAL,CAMECO,9714663,LONG,PRIMARY_SEC
2021Q4,2021-12-31,2022-01-18 09:51:36,EXOR_CAPITAL,DM,1228177,LONG,PRIMARY_SEC
2021Q4,2021-12-31,2022-01-18 09:51:36,EXOR_CAPITAL,FATH,1000000,LONG,PRIMARY_SEC
2021Q4,2021-12-31,2022-01-18 09:51:36,EXOR_CAPITAL,GATOS,2703036,LONG,PRIMARY_SEC
2021Q4,2021-12-31,2022-01-18 09:51:36,EXOR_CAPITAL,HARMONY,25164903,LONG,PRIMARY_SEC
2021Q4,2021-12-31,2022-01-18 09:51:36,EXOR_CAPITAL,LBRT,4982862,LONG,PRIMARY_SEC
2021Q4,2021-12-31,2022-01-18 09:51:36,EXOR_CAPITAL,NOVAGOLD,11770920,LONG,PRIMARY_SEC
2021Q4,2021-12-31,2022-01-18 09:51:36,EXOR_CAPITAL,QQQJ_PUT,1915000,PUT,PRIMARY_SEC
2021Q4,2021-12-31,2022-01-18 09:51:36,EXOR_CAPITAL,RRC,8397014,LONG,PRIMARY_SEC
2021Q4,2021-12-31,2022-01-18 09:51:36,EXOR_CAPITAL,SKIL,1155361,LONG,PRIMARY_SEC
2021Q4,2021-12-31,2022-01-18 09:51:36,EXOR_CAPITAL,SLB,5805476,LONG,PRIMARY_SEC
2021Q4,2021-12-31,2022-01-18 09:51:36,EXOR_CAPITAL,SMH_PUT,165000,PUT,PRIMARY_SEC
2021Q4,2021-12-31,2022-01-18 09:51:36,EXOR_CAPITAL,VAL,1986649,LONG,PRIMARY_SEC
2021Q4,2021-12-31,2022-01-18 09:51:36,EXOR_CAPITAL,VANECK_JR_GOLD,2092213,LONG,PRIMARY_SEC
2021Q4,2021-12-31,2022-01-18 09:51:36,EXOR_CAPITAL,VEON,78347333,LONG,PRIMARY_SEC
2021Q4,2021-12-31,2022-01-18 09:51:36,EXOR_CAPITAL,WFRD,5501212,LONG,PRIMARY_SEC
2022Q1,2022-03-31,2022-05-03 12:28:30,EXOR_CAPITAL,CAMECO,10052663,LONG,PRIMARY_SEC
2022Q1,2022-03-31,2022-05-03 12:28:30,EXOR_CAPITAL,DM,1228177,LONG,PRIMARY_SEC
2022Q1,2022-03-31,2022-05-03 12:28:30,EXOR_CAPITAL,FATH,1000000,LONG,PRIMARY_SEC
2022Q1,2022-03-31,2022-05-03 12:28:30,EXOR_CAPITAL,GATOS,2872657,LONG,PRIMARY_SEC
2022Q1,2022-03-31,2022-05-03 12:28:30,EXOR_CAPITAL,HARMONY,25164903,LONG,PRIMARY_SEC
2022Q1,2022-03-31,2022-05-03 12:28:30,EXOR_CAPITAL,KWEB,456474,LONG,PRIMARY_SEC
2022Q1,2022-03-31,2022-05-03 12:28:30,EXOR_CAPITAL,LBRT,4982862,LONG,PRIMARY_SEC
2022Q1,2022-03-31,2022-05-03 12:28:30,EXOR_CAPITAL,NOVAGOLD,12506537,LONG,PRIMARY_SEC
2022Q1,2022-03-31,2022-05-03 12:28:30,EXOR_CAPITAL,RRC,8085014,LONG,PRIMARY_SEC
2022Q1,2022-03-31,2022-05-03 12:28:30,EXOR_CAPITAL,SKIL,1155361,LONG,PRIMARY_SEC
2022Q1,2022-03-31,2022-05-03 12:28:30,EXOR_CAPITAL,SLB,3047638,LONG,PRIMARY_SEC
2022Q1,2022-03-31,2022-05-03 12:28:30,EXOR_CAPITAL,SMH_PUT,165000,PUT,PRIMARY_SEC
2022Q1,2022-03-31,2022-05-03 12:28:30,EXOR_CAPITAL,VAL,2085636,LONG,PRIMARY_SEC
2022Q1,2022-03-31,2022-05-03 12:28:30,EXOR_CAPITAL,VANECK_JR_GOLD,2369213,LONG,PRIMARY_SEC
2022Q1,2022-03-31,2022-05-03 12:28:30,EXOR_CAPITAL,VEON,106431775,LONG,PRIMARY_SEC
2022Q1,2022-03-31,2022-05-03 12:28:30,EXOR_CAPITAL,WFRD,5501212,LONG,PRIMARY_SEC
2022Q2,2022-06-30,2022-08-12 11:59:35,EXOR_CAPITAL,CAMECO,9180357,LONG,PRIMARY_SEC
2022Q2,2022-06-30,2022-08-12 11:59:35,EXOR_CAPITAL,DM,1228177,LONG,PRIMARY_SEC
2022Q2,2022-06-30,2022-08-12 11:59:35,EXOR_CAPITAL,FATH,1000000,LONG,PRIMARY_SEC
2022Q2,2022-06-30,2022-08-12 11:59:35,EXOR_CAPITAL,GATOS,2872657,LONG,PRIMARY_SEC
2022Q2,2022-06-30,2022-08-12 11:59:35,EXOR_CAPITAL,HARMONY,25164903,LONG,PRIMARY_SEC
2022Q2,2022-06-30,2022-08-12 11:59:35,EXOR_CAPITAL,KWEB,924315,LONG,PRIMARY_SEC
2022Q2,2022-06-30,2022-08-12 11:59:35,EXOR_CAPITAL,LBRT,3489393,LONG,PRIMARY_SEC
2022Q2,2022-06-30,2022-08-12 11:59:35,EXOR_CAPITAL,NOVAGOLD,14211573,LONG,PRIMARY_SEC
2022Q2,2022-06-30,2022-08-12 11:59:35,EXOR_CAPITAL,PARA,686000,LONG,PRIMARY_SEC
2022Q2,2022-06-30,2022-08-12 11:59:35,EXOR_CAPITAL,RRC,6190163,LONG,PRIMARY_SEC
2022Q2,2022-06-30,2022-08-12 11:59:35,EXOR_CAPITAL,SKIL,1155361,LONG,PRIMARY_SEC
2022Q2,2022-06-30,2022-08-12 11:59:35,EXOR_CAPITAL,SLB,2611638,LONG,PRIMARY_SEC
2022Q2,2022-06-30,2022-08-12 11:59:35,EXOR_CAPITAL,VAL,2021533,LONG,PRIMARY_SEC
2022Q2,2022-06-30,2022-08-12 11:59:35,EXOR_CAPITAL,VANECK_JR_GOLD,2576213,LONG,PRIMARY_SEC
2022Q2,2022-06-30,2022-08-12 11:59:35,EXOR_CAPITAL,VEON,120785818,LONG,PRIMARY_SEC
2022Q2,2022-06-30,2022-08-12 11:59:35,EXOR_CAPITAL,WFRD,5342279,LONG,PRIMARY_SEC
2022Q3,2022-09-30,2022-11-07 09:45:49,EXOR_CAPITAL,CAMECO,6616904,LONG,PRIMARY_SEC
2022Q3,2022-09-30,2022-11-07 09:45:49,EXOR_CAPITAL,DM,1228177,LONG,PRIMARY_SEC
2022Q3,2022-09-30,2022-11-07 09:45:49,EXOR_CAPITAL,FATH,1000000,LONG,PRIMARY_SEC
2022Q3,2022-09-30,2022-11-07 09:45:49,EXOR_CAPITAL,GATOS,2872657,LONG,PRIMARY_SEC
2022Q3,2022-09-30,2022-11-07 09:45:49,EXOR_CAPITAL,HARMONY,26664903,LONG,PRIMARY_SEC
2022Q3,2022-09-30,2022-11-07 09:45:49,EXOR_CAPITAL,KWEB,924315,LONG,PRIMARY_SEC
2022Q3,2022-09-30,2022-11-07 09:45:49,EXOR_CAPITAL,NOVAGOLD,14776778,LONG,PRIMARY_SEC
2022Q3,2022-09-30,2022-11-07 09:45:49,EXOR_CAPITAL,PARA,686000,LONG,PRIMARY_SEC
2022Q3,2022-09-30,2022-11-07 09:45:49,EXOR_CAPITAL,RRC,6190163,LONG,PRIMARY_SEC
2022Q3,2022-09-30,2022-11-07 09:45:49,EXOR_CAPITAL,SKIL,1155361,LONG,PRIMARY_SEC
2022Q3,2022-09-30,2022-11-07 09:45:49,EXOR_CAPITAL,SLB,2611638,LONG,PRIMARY_SEC
2022Q3,2022-09-30,2022-11-07 09:45:49,EXOR_CAPITAL,TEVA,11522187,LONG,PRIMARY_SEC
2022Q3,2022-09-30,2022-11-07 09:45:49,EXOR_CAPITAL,VAL,2021533,LONG,PRIMARY_SEC
2022Q3,2022-09-30,2022-11-07 09:45:49,EXOR_CAPITAL,VANECK_JR_GOLD,2432213,LONG,PRIMARY_SEC
2022Q3,2022-09-30,2022-11-07 09:45:49,EXOR_CAPITAL,VEON,120785818,LONG,PRIMARY_SEC
2022Q3,2022-09-30,2022-11-07 09:45:49,EXOR_CAPITAL,WFRD,5342279,LONG,PRIMARY_SEC
2022Q4,2022-12-31,2023-02-15 06:16:21,EXOR_CAPITAL,CAMECO,5429764,LONG,PRIMARY_SEC
2022Q4,2022-12-31,2023-02-15 06:16:21,EXOR_CAPITAL,DM,1228177,LONG,PRIMARY_SEC
2022Q4,2022-12-31,2023-02-15 06:16:21,EXOR_CAPITAL,FATH,1000000,LONG,PRIMARY_SEC
2022Q4,2022-12-31,2023-02-15 06:16:21,EXOR_CAPITAL,GATOS,3449447,LONG,PRIMARY_SEC
2022Q4,2022-12-31,2023-02-15 06:16:21,EXOR_CAPITAL,HARMONY,29744388,LONG,PRIMARY_SEC
2022Q4,2022-12-31,2023-02-15 06:16:21,EXOR_CAPITAL,INVESCO_GOLDEN_DRAGON,397130,LONG,PRIMARY_SEC
2022Q4,2022-12-31,2023-02-15 06:16:21,EXOR_CAPITAL,KWEB,499315,LONG,PRIMARY_SEC
2022Q4,2022-12-31,2023-02-15 06:16:21,EXOR_CAPITAL,NEXGEN,55200,LONG,PRIMARY_SEC
2022Q4,2022-12-31,2023-02-15 06:16:21,EXOR_CAPITAL,NOVAGOLD,15702926,LONG,PRIMARY_SEC
2022Q4,2022-12-31,2023-02-15 06:16:21,EXOR_CAPITAL,PARA,686000,LONG,PRIMARY_SEC
2022Q4,2022-12-31,2023-02-15 06:16:21,EXOR_CAPITAL,RRC,6347163,LONG,PRIMARY_SEC
2022Q4,2022-12-31,2023-02-15 06:16:21,EXOR_CAPITAL,SKIL,1155361,LONG,PRIMARY_SEC
2022Q4,2022-12-31,2023-02-15 06:16:21,EXOR_CAPITAL,SLB,2228938,LONG,PRIMARY_SEC
2022Q4,2022-12-31,2023-02-15 06:16:21,EXOR_CAPITAL,TEVA,15008389,LONG,PRIMARY_SEC
2022Q4,2022-12-31,2023-02-15 06:16:21,EXOR_CAPITAL,VAL,2056838,LONG,PRIMARY_SEC
2022Q4,2022-12-31,2023-02-15 06:16:21,EXOR_CAPITAL,VANECK_JR_GOLD,2851213,LONG,PRIMARY_SEC
2022Q4,2022-12-31,2023-02-15 06:16:21,EXOR_CAPITAL,VEON,131068288,LONG,PRIMARY_SEC
2022Q4,2022-12-31,2023-02-15 06:16:21,EXOR_CAPITAL,WFRD,4669231,LONG,PRIMARY_SEC
